# Blender v2.68 (sub 0) OBJ File: ''
# www.blender.org
mtllib ghadius.mtl
o _000_b07
v 4.459016 90.398590 1.987210
v 4.366857 90.526390 2.277560
v 4.634427 90.487785 2.458550
v -4.366885 90.526375 2.277562
v -4.459045 90.398575 1.987212
v -4.634445 90.487770 2.458552
v -3.873837 91.637138 7.205314
v -3.382236 90.735634 7.936272
v -3.309656 91.551147 7.164154
v -3.938057 90.891129 7.924792
v -3.907516 92.003548 6.456605
v -3.345006 91.927750 6.390195
v -4.013096 92.150551 5.597946
v -3.453206 92.094658 5.486116
v -0.000013 80.887695 3.603110
v -0.000013 80.706001 4.081710
v 1.122597 81.478699 3.756710
v 1.603737 81.460297 4.025570
v 2.444457 81.767197 -2.318240
v -0.000013 81.566200 -2.645190
v 1.508317 82.545601 -1.341152
v -4.189676 91.999557 4.751736
v -3.641936 91.923561 4.596136
v -1.508343 82.545601 -1.341152
v -0.000013 82.493095 -1.517292
v -4.754595 90.388870 2.685192
v -4.429105 90.265274 2.288461
v 3.281835 90.541527 8.833300
v 3.712415 90.660439 8.599739
v 3.938025 90.891144 7.924790
v 3.275765 90.415024 9.136409
v 3.773875 90.402534 8.610509
v 3.587525 90.502335 8.783879
v 3.344055 90.280327 8.844198
v 3.740605 90.531136 8.621009
v 3.857526 91.543579 3.853763
v 4.398726 91.629883 4.033743
v 4.689857 90.880684 3.382261
v 3.641906 91.923576 4.596134
v 4.189656 91.999573 4.751734
v 3.453175 92.094658 5.486114
v -5.297083 80.496796 3.849770
v -6.913263 82.116196 2.957520
v -8.174793 80.094795 4.004240
v 4.013066 92.150566 5.597944
v 3.344975 91.927750 6.390193
v 3.907485 92.003563 6.456603
v 3.309625 91.551147 7.164152
v 3.873815 91.637154 7.205312
v 3.382205 90.735634 7.936270
v 4.843496 90.235771 3.409169
v 4.787207 90.121376 3.920549
v 4.817866 89.689270 4.376828
v 4.741577 90.557777 3.548560
v 4.693107 90.646782 2.674421
v 4.173477 90.724586 3.155441
v -1.122623 81.478699 3.756710
v -1.603763 81.460297 4.025570
v -3.409384 81.935196 3.573400
v 3.409356 81.935196 3.573400
v 2.856837 81.891899 2.762697
v -3.281856 90.541527 8.833302
v -3.712447 90.660423 8.599741
v -3.740627 90.531120 8.621011
v -2.444483 81.767197 -2.318240
v -2.937703 80.920296 -3.061510
v -6.502013 81.154007 -2.619360
v -4.041286 90.567429 7.779901
v -2.870023 80.665596 -3.835930
v -5.469393 80.875099 -3.409890
v -3.854886 89.262833 7.259668
v -4.091697 90.246223 7.951711
v -4.383966 89.496132 7.294689
v -2.444483 81.767197 -2.318240
v -3.537786 90.082718 7.963520
v -4.329055 90.071770 3.182700
v -4.908885 89.488762 4.123119
v -4.843525 90.235756 3.409171
v -4.402786 89.255157 3.949289
v -4.875216 89.122353 4.871839
v 1.245326 82.503891 3.053934
v 0.793348 82.386887 2.979794
v -4.367435 88.878654 4.723238
v -0.000014 82.362900 3.081514
v -0.793376 82.386887 2.979794
v -4.769626 88.975342 5.730488
v -4.259236 88.711746 5.627327
v -4.593046 89.126335 6.576708
v -4.070506 88.882736 6.517307
v -3.773907 90.402519 8.610511
v 0.801498 85.497887 -0.471307
v 1.967995 85.495796 0.640886
v 1.811816 84.365692 0.408830
v -3.344076 90.280327 8.844200
v 2.018815 85.305695 2.013679
v 2.270366 84.055489 1.691488
v -3.587557 90.502419 8.783881
v -3.275796 90.415024 9.136411
v -4.398756 91.629868 4.033745
v -3.857546 91.543564 3.853764
v -4.689875 90.880669 3.382263
v 4.429077 90.265289 2.288460
v 4.754567 90.388885 2.685190
v 4.726906 90.517479 2.661721
v 4.593016 89.126350 6.576706
v 4.554646 89.385651 6.423956
v 4.379695 89.695343 7.024287
v 4.769596 88.975357 5.730486
v 4.259206 88.711761 5.627325
v 4.367406 88.878670 4.723236
v 4.875186 89.122368 4.871837
v 4.789846 89.382370 5.002907
v 4.698987 89.271759 5.718116
v 4.908856 89.488777 4.123117
v 4.402756 89.255173 3.949287
v 4.329027 90.071785 3.182699
v -1.102486 85.135483 2.932880
v -0.368523 84.685585 3.065719
v -0.368523 84.906586 3.268909
v -0.000016 84.838585 3.338769
v -0.000016 84.625481 3.129519
v 0.368491 84.685585 3.065719
v -1.984676 85.628082 2.119330
v -1.968026 85.495781 0.640887
v -2.018846 85.305679 2.013680
v -1.811844 84.365692 0.408830
v -2.270394 84.055489 1.691488
v 4.041255 90.567444 7.779899
v 4.091665 90.246239 7.951709
v 3.537755 90.082733 7.963518
v 3.854855 89.262848 7.259666
v -0.801528 85.497887 -0.471307
v 4.203976 90.129448 7.444418
v -0.000014 84.432190 -0.814694
v -0.793449 84.471092 -0.463809
v 4.383935 89.496147 7.294687
v 4.070476 88.882751 6.517305
v -4.173505 90.724571 3.155442
v -4.693135 90.646767 2.674423
v -4.741605 90.557762 3.548562
v -4.726935 90.517464 2.661722
v 0.368491 84.906586 3.268909
v 1.102454 85.135483 2.932879
v 1.092644 84.918999 2.773358
v -0.000015 85.449692 -0.787898
v 3.995635 91.003853 7.407911
v 1.984644 85.628098 2.119329
v -4.787235 90.121361 3.920551
v -4.817895 89.689255 4.376830
v -4.789876 89.382355 5.002909
v -4.699016 89.271744 5.718118
v -3.995667 91.003838 7.407913
v -3.964996 91.435951 6.951633
v -3.993026 91.742844 6.325554
v -4.083876 91.853455 5.610345
v -4.228216 91.739563 4.904505
v -4.403176 91.429863 4.304174
v -4.578895 90.995766 3.884043
v -4.204006 90.129433 7.444420
v -4.379716 89.695328 7.024289
v -4.554676 89.385635 6.423958
v -3.189022 74.546394 3.066610
v -0.000013 76.984695 4.103020
v -3.189023 77.053200 3.880900
v -0.000013 79.467598 4.421110
v 3.188997 77.053200 3.880900
v 2.387917 79.650200 4.187270
v -6.787493 83.215096 -5.668680
v -3.963813 81.650696 -6.460670
v -3.539833 82.753799 -6.170350
v -0.000013 81.582695 -6.795520
v -0.000013 80.422897 -4.133650
v 3.963787 81.650696 -6.460670
v 2.869997 80.665596 -3.835930
v 7.440647 81.946594 -5.883820
v 5.469367 80.875099 -3.409890
v 8.087036 81.211899 -2.609790
v 9.895396 83.867004 -4.447979
v 6.787467 83.215096 -5.668679
v 3.539807 82.753799 -6.170350
v -0.000013 82.463097 -6.384210
v 3.188998 74.546394 3.066610
v -0.000012 74.512100 2.984620
v -3.189022 72.039597 2.135180
v -6.378042 72.039597 2.308480
v 2.444457 81.767197 -2.318240
v 2.937677 80.920296 -3.061510
v -0.000013 81.566200 -2.645190
v -0.000013 80.686600 -3.503650
v 2.869997 80.665596 -3.835930
v -0.000013 80.422897 -4.133650
v -6.378043 77.121796 3.658790
v -2.387943 79.650200 4.187270
v -9.895423 83.867004 -4.447980
v -7.440673 81.946594 -5.883821
v -2.870023 80.665596 -3.835930
v -4.514403 81.388802 3.692120
v -2.115543 80.880600 4.123290
v -5.297083 80.496796 3.849770
v -5.297083 80.496796 3.849770
v -2.387943 79.650200 4.187270
v 4.514377 81.388802 3.692120
v 2.115517 80.880600 4.123290
v 2.387917 79.650200 4.187270
v -8.087063 81.211899 -2.609790
v -9.994892 82.746307 0.242112
v 4.578866 90.995781 3.884041
v -8.087063 81.211899 -2.609790
v -5.469393 80.875099 -3.409890
v 4.403146 91.429878 4.304172
v 4.228186 91.739578 4.904503
v 4.083846 91.853470 5.610343
v 3.992995 91.742859 6.325552
v -0.000013 79.467598 4.421110
v 5.297057 80.496796 3.849770
v -0.000012 72.039597 1.961880
v 3.188998 72.039597 2.135180
v -6.378042 74.580696 3.148610
v 3.964965 91.435966 6.951632
v 4.463616 91.079674 4.357221
v 4.270506 91.551071 4.547553
v 4.308076 91.524078 4.639653
v 4.436306 91.077278 4.246501
v -43.269318 77.774345 1.982211
v -42.053719 76.057953 2.575074
v -42.053719 77.253746 3.100101
v -36.267918 75.478447 2.869375
v -36.267918 77.295242 3.584101
v -30.482107 75.182053 3.163684
v -30.482109 77.336853 3.832150
v 4.605816 90.556068 4.273400
v 4.587886 90.519073 4.157140
v 4.713026 90.032867 4.400918
v 4.702176 89.961464 4.293078
v -24.110212 77.353592 3.439409
v -24.110212 75.591492 2.770939
v -19.180412 74.981796 3.163679
v -19.180414 77.155098 3.832149
v -14.061212 75.156898 2.717919
v 4.768946 89.589867 4.720387
v 4.761776 89.489166 4.633617
v 4.765046 89.294357 5.183167
v -9.929114 86.508591 -5.355113
v 4.757616 89.174263 5.126916
v -6.788814 85.825500 -7.214283
v 4.701916 89.191460 5.718787
v -3.600514 85.522003 -7.885743
v 4.690326 89.064560 5.697866
v 3.600487 85.522003 -7.885744
v -0.000013 85.350197 -8.359374
v 4.589186 89.296852 6.245716
v 4.570156 89.176849 6.259546
v 4.443996 89.594353 6.683737
v 7.098297 85.825500 -7.214283
v 4.415396 89.494049 6.726457
v 9.929086 86.508606 -5.355114
v 4.288465 90.038750 6.966158
v 4.249606 89.967743 7.027508
v 4.146266 90.562447 7.049989
v -11.851633 87.536606 -3.297997
v 4.098026 90.525948 7.116869
v 4.039046 91.085556 6.922461
v 9.530809 82.743912 -3.879922
v 3.983735 91.083656 6.980931
v 11.450990 84.982613 -4.044862
v 11.851588 87.536613 -3.298002
v 3.983125 91.528656 6.602993
v 3.924125 91.555862 6.640392
v 3.987025 91.824059 6.140223
v -9.530852 82.743904 -3.879917
v 3.928285 91.870758 6.147093
v 4.050156 91.926971 5.604604
v 3.995576 91.980469 5.576144
v 4.162896 91.821678 5.077663
v 4.115746 91.868172 5.014463
v 4.028535 91.432358 6.509552
v 4.027505 91.611168 6.049082
v 4.032045 91.698456 6.092722
v 4.024146 91.357063 6.447142
v 4.078906 91.033363 6.797311
v 4.072246 90.975967 6.721941
v 4.175476 90.562050 6.912169
v 4.164475 90.525955 6.831639
v 4.303556 90.090454 6.836668
v 4.286786 90.075554 6.759528
v 4.443656 89.690155 6.582277
v 4.420576 89.693253 6.516597
v 4.574426 89.422150 6.187747
v 4.545456 89.437355 6.139826
v 4.675976 89.327263 5.713117
v 4.642426 89.346756 5.686577
v 4.732836 89.419960 5.230667
v 4.696726 89.435257 5.225847
v 4.736346 89.686066 4.813838
v 4.700086 89.689369 4.827788
v 4.685976 90.085068 4.526079
v 4.651987 90.070465 4.552999
v 4.589406 90.556366 4.411210
v 4.559756 90.520470 4.443300
v 4.461326 91.027985 4.486722
v 4.437447 90.970879 4.515411
v 4.321226 91.428276 4.741102
v 6.378017 77.121796 3.658790
v 5.297057 80.496796 3.849770
v 4.303656 91.353172 4.758332
v 8.174767 80.094788 4.004241
v 6.913237 82.116188 2.957520
v 4.190455 91.696266 5.135643
v 4.178776 91.609070 5.135103
v 4.088906 91.791168 5.610263
v 4.081806 91.699669 5.588353
v 6.378017 74.580696 3.148610
v 6.378018 72.039597 2.308480
v 4.888916 81.968292 -1.471950
v 8.087036 81.211899 -2.609790
v 5.469367 80.875099 -3.409890
v 6.501987 81.153992 -2.619360
v 4.888916 81.968292 -1.471950
v 6.913237 82.116188 2.957520
v 19.180386 77.155083 3.832151
v 19.180387 74.981781 3.163681
v 24.110186 77.353592 3.439411
v 24.110186 75.591492 2.770941
v 26.830244 77.386475 3.450571
v 26.830244 75.477676 2.856864
v -4.190486 91.696251 5.135644
v -4.178806 91.609055 5.135105
v -4.088936 91.791153 5.610265
v -4.303686 91.353157 4.758334
v -4.321256 91.428360 4.741104
v -4.437475 90.970863 4.515413
v 36.267899 77.295258 3.584104
v 36.267899 75.478462 2.869379
v 42.053699 77.253761 3.100106
v 42.053699 76.057968 2.575078
v 43.269299 77.774361 1.982214
v -4.461346 91.027969 4.486723
v -4.559786 90.520454 4.443302
v -4.589436 90.556351 4.411212
v -4.652016 90.070450 4.553001
v -4.686006 90.085052 4.526081
v -4.700116 89.689354 4.827790
v -4.736376 89.686050 4.813840
v -4.696755 89.435242 5.225849
v -4.732856 89.419945 5.230669
v -4.642456 89.346741 5.686579
v -4.676006 89.327248 5.713119
v -4.545485 89.437340 6.139828
v -4.574456 89.422134 6.187748
v -4.420596 89.693237 6.516599
v -4.443686 89.690140 6.582279
v -4.286816 90.075539 6.759530
v -4.303586 90.090439 6.836670
v -4.164496 90.525940 6.831641
v -4.175506 90.562134 6.912171
v -4.072276 90.975952 6.721943
v -4.078926 91.033348 6.797313
v -4.024176 91.357048 6.447144
v 36.267902 75.362648 -2.554791
v 36.267902 77.204544 -2.742995
v 42.053703 75.975243 -2.197211
v 42.053703 77.188950 -2.259004
v 43.269299 77.727554 -1.141105
v 42.053703 78.717743 -1.772878
v 43.269299 78.568253 -0.857787
v 42.053699 79.300255 0.210745
v 43.269299 78.989655 0.298276
v 42.053699 78.764557 2.621752
v 43.269299 78.602158 1.703423
v 42.053699 77.253761 3.100106
v 43.269299 77.774361 1.982214
v -4.028566 91.432343 6.509553
v 30.482075 79.461159 -2.372111
v 36.267902 79.325241 -2.072490
v -4.027536 91.611153 6.049084
v 30.482075 80.475258 0.153425
v 36.267899 80.123550 0.182084
v -4.032076 91.698547 6.092724
v 30.482086 79.545570 3.223108
v 36.267899 79.390862 2.922430
v -4.081826 91.699654 5.588355
v 30.482086 77.336868 3.832153
v 36.267899 77.295258 3.584104
v 38.694099 68.081558 -1.313204
v 39.228897 68.081558 0.101948
v 42.053699 75.323959 0.170301
v 42.053699 76.057968 2.575078
v 43.269299 77.774361 1.982214
v -4.308105 91.524063 4.639655
v -4.162916 91.821663 5.077665
v 36.315292 63.397266 -0.326867
v 30.482035 63.447395 -1.405225
v -4.463635 91.079659 4.357223
v 38.234100 68.081558 1.522216
v 35.855289 63.397270 1.598562
v 43.269299 76.714958 0.274705
v 43.939796 78.602753 0.254178
v -4.605835 90.556053 4.273402
v -4.713056 90.032852 4.400920
v -4.768976 89.589851 4.720389
v -4.765076 89.294342 5.183168
v -4.701946 89.191444 5.718789
v -4.589216 89.296837 6.245718
v -24.110212 79.343094 2.830369
v -19.180414 80.533501 0.153427
v -24.110241 80.118477 0.153425
v -4.444026 89.594337 6.683739
v -4.288496 90.038734 6.966160
v -4.146296 90.562431 7.049991
v -4.039076 91.085541 6.922462
v -3.983156 91.528641 6.602994
v -3.987056 91.824043 6.140224
v -4.050186 91.926956 5.604606
v -3.995606 91.980453 5.576146
v -3.928316 91.870743 6.147095
v -4.115776 91.868156 5.014465
v -4.270535 91.551056 4.547554
v -19.180414 79.105301 3.223109
v 32.781128 -0.001096 -17.313562
v 27.836538 -0.001081 -20.544569
v 30.941916 11.621685 -14.396973
v 26.356121 11.621701 -17.299774
v -4.436326 91.077263 4.246503
v 32.477829 -0.001096 -16.850065
v 27.512535 -0.001081 -19.826666
v 32.781128 -0.001096 -17.313562
v 27.836538 -0.001081 -20.544569
v -4.587905 90.519058 4.157142
v -4.702206 89.961449 4.293080
v -27.939270 24.113417 -11.496802
v -30.941870 11.621712 -14.397006
v -31.427170 24.113413 -8.536189
v -32.780983 -0.001062 -17.313608
v -34.348976 11.621710 -11.119085
v -4.761806 89.489151 4.633619
v -4.757646 89.174248 5.126918
v -4.690356 89.064545 5.697868
v -4.570186 89.176834 6.259548
v -32.477783 -0.001063 -16.850111
v -36.649483 -0.001080 -13.522281
v -32.780983 -0.001062 -17.313608
v -4.415426 89.494034 6.726459
v -41.891102 -0.001063 -3.512086
v -42.346500 -0.001041 1.709746
v -39.098999 11.621743 -2.718427
v -39.733589 11.621753 1.663684
v -41.520794 -0.001043 1.925204
v -38.988289 11.621751 1.566843
v -41.263298 -0.001066 -3.398757
v -41.891102 -0.001063 -3.512086
v -39.475994 -0.001082 -8.263424
v -4.249626 89.967728 7.027510
v -41.520794 -0.001043 1.925204
v -42.346500 -0.001041 1.709746
v -41.263298 -0.001066 -3.398757
v -41.891102 -0.001063 -3.512086
v -35.429798 24.113438 1.633440
v -36.409599 24.113440 1.614201
v -35.572590 24.113432 -1.865419
v -37.401989 11.621725 -6.952462
v -4.098046 90.525932 7.116871
v -3.983757 91.083641 6.980933
v -3.924156 91.555847 6.640394
v 35.429836 24.113457 1.633368
v 31.968126 34.712425 1.572133
v 30.776424 34.712425 1.503613
v 24.830725 45.193218 1.730249
v 25.841026 45.193218 1.530648
v 24.875826 48.622509 1.468667
v 25.384825 47.718719 0.923651
v 35.572628 24.113441 -1.865504
v 30.991322 34.712429 -1.141729
v 25.706024 45.193218 -0.425999
v 21.322218 57.173306 -2.503937
v -3.960237 90.969833 7.292633
v 36.409634 24.113459 1.614119
v 34.044720 24.113413 -5.252111
v 29.675516 34.712425 -3.809335
v 24.802515 45.193211 -2.797974
v -3.929496 91.370842 6.883054
v -0.000004 11.621659 -22.701338
v -5.258036 24.113371 -18.531950
v -0.000005 24.113358 -18.583250
v -3.956726 91.663544 6.282894
v -4.657387 34.712372 -15.023453
v -0.000006 34.712357 -15.089153
v 4.657382 34.712368 -15.023464
v 5.258036 24.113369 -18.531965
v 5.691069 11.621671 -22.667055
v -4.045316 91.771851 5.584855
v -3.806499 45.193150 -12.168758
v -0.000007 45.193134 -12.248755
v -3.046183 57.207478 -7.851763
v -4.186275 91.660362 4.895995
v -0.000009 57.207466 -7.869717
v -4.353636 91.364967 4.320384
v 2.905820 63.421497 -7.568710
v -0.000010 63.421497 -7.842190
v -4.514405 90.962166 3.944353
v 5.527210 63.421494 -7.337029
v 3.046167 57.207481 -7.851767
v -4.679675 90.517456 3.603182
v -4.725895 90.074463 3.981411
v -4.756636 89.673454 4.390990
v -4.729395 89.380852 4.991149
v -4.640816 89.272446 5.689188
v -4.499856 89.384033 6.378048
v 7.204707 81.739395 -6.189389
v 8.234607 80.857384 -2.676659
v 5.527207 80.507301 -3.525060
v 8.234607 80.857384 -2.676659
v 8.519567 78.771492 -4.473529
v 5.527207 80.507301 -3.525060
v -4.332496 89.679436 6.953660
v -4.171726 90.082230 7.329690
v -4.006446 90.526833 7.670861
v 4.725866 90.074478 3.981409
v 4.679657 90.517471 3.603180
v 4.514377 90.962181 3.944351
v 4.353606 91.364983 4.320382
v 4.186246 91.660378 4.895993
v 17.703766 -0.001053 -23.630095
v 12.821746 -0.001077 -24.867786
v 17.949366 -0.001052 -24.374393
v 13.006745 -0.001077 -25.371885
v 16.935839 11.621732 -20.802198
v 17.949366 -0.001052 -24.374393
v 12.101429 11.621705 -21.698086
v 4.045286 91.771866 5.584853
v 3.956705 91.663559 6.282892
v -12.039886 45.193195 -11.099069
v -13.837286 34.712410 -13.705460
v -15.190590 45.193203 -10.145075
v 3.929465 91.370857 6.883052
v -15.634889 24.113419 -16.962948
v -18.169188 34.712414 -12.895972
v -16.935808 11.621733 -20.802122
v -20.307392 24.113420 -15.943862
v 3.960205 90.969849 7.292631
v 4.006415 90.526848 7.670859
v 4.171696 90.082245 7.329689
v -17.949320 -0.001044 -24.374308
v -22.892019 -0.001045 -22.878326
v -21.770203 11.621737 -19.536043
v 4.332466 89.679451 6.953658
v -17.703720 -0.001045 -23.630009
v -22.892019 -0.001045 -22.878326
v -17.949320 -0.001044 -24.374308
v 4.499826 89.383957 6.378047
v 4.640786 89.272461 5.689187
v 4.729366 89.380867 4.991147
v -36.267921 75.362633 -2.554794
v -42.053722 75.975227 -2.197215
v -36.267921 77.204529 -2.742998
v -42.053722 77.188934 -2.259008
v -43.269321 77.727539 -1.141109
v -42.053722 77.188934 -2.259008
v -43.269321 77.727539 -1.141109
v -42.053722 78.717728 -1.772881
v -43.269318 78.568237 -0.857791
v -42.053719 79.300339 0.210741
v -43.269318 78.989639 0.298272
v -42.053719 78.764542 2.621748
v -43.269318 78.602142 1.703419
v -42.053719 77.253746 3.100101
v -43.269318 77.774345 1.982211
v 4.756606 89.673470 4.390988
v -0.000013 100.904022 -1.165962
v -0.430434 100.907028 -1.476591
v -0.581965 94.963394 0.746918
v -36.267921 79.325226 -2.072493
v 10.077389 86.627319 -1.972980
v 6.330028 88.265717 -0.526824
v 10.083989 86.441322 -1.473271
v 10.337789 86.458321 -1.972981
v 10.342588 86.323418 -1.630801
v 10.584989 86.069427 -1.972982
v 5.442778 91.442108 0.611429
v 4.982296 90.102592 1.708409
v 5.702178 90.810211 0.153741
v 1.395413 87.824745 19.026682
v 1.338823 87.446243 18.963581
v 2.446893 88.194977 14.708483
v -36.267918 80.123535 0.182080
v -0.000013 92.347641 -4.422653
v -1.860544 91.368042 -4.036675
v -0.000012 100.906036 -2.428571
v 1.860517 91.368042 -4.036676
v 3.135247 88.465630 -3.777044
v -0.000013 85.711327 -3.891470
v 9.929197 94.144424 -1.957491
v 9.885537 93.609032 -1.957492
v 9.673488 93.987129 -2.306201
v 0.513443 101.270020 -1.959431
v 0.644373 100.909027 -1.959432
v -0.000012 101.268036 -2.367990
v -36.267918 79.390846 2.922426
v 5.131427 86.755196 1.347001
v 5.341387 88.137093 1.441984
v 4.525476 88.551865 5.082485
v 6.009347 98.814728 -1.467578
v 5.576197 99.028923 -1.148197
v 3.926847 94.053711 0.153751
v 2.017836 94.193695 0.561464
v 2.799036 94.501198 0.746916
v 2.619186 94.719009 0.066357
v 9.470477 94.346825 -1.957490
v 9.541087 94.217125 -1.639630
v 9.929197 94.144424 -1.957491
v -36.267918 77.295242 3.584101
v -42.053719 75.323944 0.170297
v -39.228916 68.081535 0.101945
v -38.694118 68.081535 -1.313207
v -36.315311 63.397243 -0.326869
v -30.482052 63.447380 -1.405227
v -43.939816 78.602737 0.254174
v -43.269318 76.714943 0.274701
v -42.053719 76.057953 2.575074
v -38.234119 68.081535 1.522213
v -35.855309 63.397247 1.598559
v -42.053719 76.057953 2.575074
v -43.269318 77.774345 1.982211
v -30.482098 75.033043 -2.912376
v -3.721737 89.934113 9.083909
v -3.293097 88.627510 10.607286
v -3.367157 89.869415 10.381689
v -30.482058 68.081573 -2.343507
v -3.484217 90.707718 9.083912
v -2.899297 91.672333 9.083914
v -3.143806 92.104446 7.246866
v 0.894134 95.139206 0.066359
v 1.179246 94.343796 0.561464
v 1.630236 94.538307 0.440104
v -20.675793 45.193222 -7.222296
v -21.738184 34.712421 -10.853292
v -24.798985 34.712418 -9.227883
v 4.159327 94.012817 -0.526808
v 3.980467 93.146416 -0.034320
v 4.402377 93.022812 -0.153065
v -24.443378 24.113420 -13.812290
v -5.423825 89.384392 0.245967
v -5.615165 89.989189 -0.031711
v -5.855735 89.482391 -0.153073
v -26.356085 11.621724 -17.299784
v -1.510015 94.025597 0.839143
v -1.179275 94.343796 0.561465
v -1.630265 94.538307 0.440105
v -27.836498 -0.001060 -20.544577
v -32.477783 -0.001063 -16.850111
v -32.780983 -0.001062 -17.313608
v -27.512497 -0.001061 -19.826677
v -4.077685 92.663696 0.245976
v -3.980495 93.146400 -0.034319
v -4.402405 93.022797 -0.153063
v -9.598406 93.454315 -1.480499
v -9.823226 93.733017 -1.639628
v -9.672846 93.274513 -1.957479
v -0.000003 -0.001134 -26.806627
v -5.691071 11.621671 -22.667034
v -9.664096 93.986412 -1.422117
v -0.000003 -0.001134 -26.284727
v -6.028059 -0.001107 -26.514429
v -0.000003 -0.001134 -26.806627
v 6.028064 -0.001113 -26.514450
v 6.028064 -0.001113 -26.514450
v 6.000044 -0.001112 -25.989550
v 22.892061 -0.001055 -22.878378
v 6.068287 99.161430 -1.615337
v 6.088777 99.065331 -1.964007
v 5.866987 99.569427 -1.964006
v 20.307409 24.113411 -15.943891
v 21.770233 11.621728 -19.536087
v 15.634909 24.113417 -16.963001
v 6.025757 98.687325 -1.964008
v 13.837295 34.712421 -13.705492
v 18.169195 34.712410 -12.895988
v -5.442805 91.442093 0.611432
v -9.401616 93.824608 -1.173638
v -5.702205 90.810196 0.153744
v -5.204325 91.899597 0.153747
v -9.541116 94.217110 -1.639627
v -9.470506 94.346809 -1.957486
v -9.929216 94.144409 -1.957477
v -9.253286 94.159714 -1.480497
v 2.570345 93.547974 5.082499
v 3.620086 92.535004 2.177216
v 2.918206 93.006287 2.229787
v 3.333455 92.607864 5.082495
v 3.143775 92.104446 7.246864
v 3.333455 92.607864 5.082495
v 2.523445 92.896843 7.246866
v -23.177692 45.193214 -4.521145
v -19.294500 57.173313 -4.028495
v -9.167816 94.348412 -1.957476
v -5.273475 92.291702 -0.526811
v 3.608826 88.013771 5.082484
v 4.330586 87.542770 5.082482
v 3.898236 87.720848 7.246852
v 5.131427 86.755196 1.347001
v -5.341415 88.137077 1.441986
v -6.025475 87.385986 0.591675
v -5.131455 86.755180 1.347003
v -6.107995 87.932892 0.153736
v 1.179246 94.343796 0.561464
v 0.934507 94.214699 1.087431
v 1.477536 93.794006 1.237990
v 0.894134 95.139206 0.066359
v -1.310608 88.428535 19.127184
v -2.300478 89.173172 14.738586
v -1.395448 87.824745 19.026682
v -2.108358 89.638885 14.752888
v -5.522075 88.623680 0.490903
v -5.132775 89.318382 0.621686
v 0.581938 94.963394 0.746918
v 0.644373 100.909027 -1.959432
v 10.290388 85.749825 -1.972983
v 10.314788 85.884224 -1.630802
v 10.045689 85.835419 -1.473272
v 10.584989 86.069427 -1.972982
v -0.000014 95.189499 1.229384
v -0.000014 93.483284 2.391479
v 0.497236 93.484482 2.389759
v -0.497264 93.484482 2.389759
v -2.825997 91.588226 9.569824
v -3.280347 90.472412 10.178691
v -10.332317 86.135216 -2.345017
v -10.290417 85.749809 -1.972968
v -10.585017 86.069397 -1.972968
v -10.012017 85.650108 -1.972969
v 2.086235 93.772667 5.082499
v 2.028175 93.213951 7.246867
v 1.612695 93.206642 7.246867
v 0.150933 87.075706 23.302881
v 0.157093 87.174309 23.307880
v -8.234633 80.857399 -2.676660
v -5.527233 80.507301 -3.525060
v -8.519592 78.771500 -4.473530
v -5.527233 80.507301 -3.525060
v -8.234633 80.857399 -2.676660
v -7.204733 81.739395 -6.189390
v -10.356531 82.421402 -3.952347
v -10.834033 82.395607 0.212246
v 10.069789 86.181725 -2.458501
v 10.077389 86.627319 -1.972980
v 10.337789 86.458321 -1.972981
v 10.382090 89.719330 -2.042552
v 0.438448 93.043465 5.082498
v 1.462926 93.309685 2.346558
v 0.497236 93.484482 2.389759
v 1.102455 93.537064 5.082498
v 4.051916 89.996445 7.246858
v 3.828615 91.065453 7.246861
v 3.721705 89.934128 9.083907
v 4.020155 91.338776 5.082492
v -2.310276 88.567047 6.164676
v -0.000015 88.397835 7.706115
v -2.460486 87.847443 6.705764
v 18.051901 99.581161 8.482927
v 16.613401 97.385658 5.422919
v 18.354601 99.422760 8.570297
v 16.907101 97.216362 5.487710
v -0.000015 88.690140 7.246856
v -5.724535 99.292717 -2.362054
v -6.025785 98.687309 -1.964006
v -6.088806 99.065315 -1.964005
v -5.579885 99.034424 -2.446345
v -4.525506 88.551849 5.082487
v -5.341415 88.137077 1.441986
v -5.131455 86.755180 1.347003
v 18.354601 99.422760 8.570297
v 16.907101 97.216362 5.487710
v 17.159901 98.667755 5.091630
v -4.982325 90.102577 1.708411
v 5.131427 86.755196 1.347001
v 6.025447 87.386002 0.591672
v 5.341387 88.137093 1.441984
v 5.942937 86.595108 0.114238
v -0.000016 88.627510 10.607285
v -1.312797 87.990273 14.695984
v -2.101486 88.438416 10.604785
v -24.110212 77.353592 3.439409
v -19.180414 77.155098 3.832149
v -15.039813 79.252800 3.223109
v -16.727114 81.197098 0.153427
v -0.000017 88.194977 14.708484
v -0.000012 101.583038 -1.959430
v 18.051901 99.581161 8.482927
v 18.354601 99.422760 8.570297
v 16.873600 98.829758 5.015719
v -0.513467 101.270020 -1.959430
v -4.330615 87.542755 5.082484
v -3.898266 87.720833 7.246854
v 9.401587 93.824623 -1.173642
v 9.598377 93.454330 -1.480502
v 5.292037 89.993004 0.490904
v 5.132748 89.318398 0.621684
v -0.757721 92.514343 7.246866
v -1.084276 92.916641 7.246867
v -1.377636 92.191231 9.136155
v -0.438476 93.043465 5.082498
v -1.017206 92.214828 9.083915
v -1.429426 92.053726 9.654614
v 2.300443 89.173172 14.738585
v 3.083484 89.856415 10.543588
v -0.000014 93.483284 2.391479
v -0.000014 93.042870 5.082498
v 4.539007 91.491501 1.887183
v 4.398646 92.169403 0.490911
v 3.858847 92.421806 0.621695
v 5.204298 91.899612 0.153744
v 5.855718 89.482407 -0.153075
v 5.615138 89.989204 -0.031713
v 5.423798 89.384407 0.245964
v 5.926797 90.582909 -0.314872
v 2.790474 90.440414 10.441889
v 2.271795 91.640320 9.826682
v 2.048774 91.520325 9.898282
v 3.280314 90.472412 10.178689
v 2.825965 91.588226 9.569822
v 3.484195 90.707733 9.083910
v 5.815058 88.771011 -0.031717
v 6.330028 88.265717 -0.526824
v 19.180386 79.105286 3.223111
v 24.110186 79.343094 2.830371
v 19.180386 80.533485 0.153429
v 26.830244 80.118477 0.183305
v 24.110214 80.118484 0.153428
v 10.332289 86.135231 -2.345021
v 10.584989 86.069427 -1.972982
v 19.180386 77.155083 3.832151
v 24.110186 77.353592 3.439411
v 26.830244 79.343079 2.909649
v 26.830244 77.386475 3.450571
v 3.620086 92.535004 2.177216
v 3.741377 93.047806 0.490913
v -10.337817 86.458305 -1.972967
v -10.069816 86.181709 -2.458498
v -4.982325 90.102577 1.708411
v -4.539035 91.491486 1.887185
v 2.376886 93.267288 2.282358
v -5.867016 99.569412 -1.964004
v -6.088806 99.065315 -1.964005
v -6.068316 99.161514 -1.615335
v -5.725296 99.302902 -1.371684
v -5.470096 99.444710 -1.615334
v 9.404327 93.822334 -2.420941
v 9.672817 93.274529 -1.957493
v 3.516718 86.186638 -3.373230
v -2.890425 100.477028 -2.042522
v -0.644397 100.909027 -1.959431
v -10.077417 86.627304 -1.972966
v -10.382116 89.719299 -2.042548
v -9.404356 93.822319 -2.420938
v -0.000019 87.075706 23.307880
v 0.150933 87.075706 23.302881
v -0.000019 87.190605 23.640779
v -0.150969 87.075706 23.302881
v -1.338858 87.446243 18.963581
v 4.982296 90.102592 1.708409
v 4.342966 90.019066 5.082489
v 4.154526 88.690147 7.246855
v 5.725267 99.302917 -1.371687
v 5.470067 99.444725 -1.615336
v 5.257887 99.236038 -1.467577
v -3.510755 94.401093 1.226182
v -3.926875 94.053696 0.153752
v -3.620116 92.534988 2.177217
v -2.918236 93.006287 2.229788
v -2.376915 93.267288 2.282359
v 9.664067 93.986427 -1.422121
v 9.823197 93.733032 -1.639632
v 9.885537 93.609032 -1.957492
v 1.511473 90.406372 14.776389
v 2.108323 89.638885 14.752886
v 2.020324 91.461929 10.159792
v 1.429394 92.053726 9.654604
v -2.523466 92.896843 7.246867
v -2.594697 92.089928 9.083915
v -2.028196 93.213951 7.246868
v -2.086266 93.772667 5.082500
v -2.570366 93.547974 5.082500
v -1.200578 88.715538 19.174986
v -0.140998 87.368111 23.317581
v -0.096363 87.527107 23.325581
v -10.962487 24.113398 -17.749645
v -0.860034 89.187935 19.253687
v -1.511508 90.406372 14.776389
v -5.794184 57.207462 -7.602561
v -8.122289 45.193184 -11.608964
v -9.672846 93.274513 -1.957479
v -9.885566 93.609016 -1.957478
v -9.505296 34.712395 -14.399456
v -9.673506 93.987114 -2.306197
v -3.516744 86.186623 -3.373228
v -10.012017 85.650108 -1.972969
v 2.905819 68.929100 -7.431880
v -0.000011 68.951096 -7.640770
v -2.905841 68.929100 -7.431880
v -2.905842 75.677696 -6.602320
v -5.527232 75.593697 -6.243080
v -5.527232 78.642700 -5.055450
v -3.135274 88.465630 -3.777043
v 1.509996 94.025597 0.839141
v 2.905817 80.304001 -3.977070
v 3.769027 81.466194 -6.800400
v -0.000013 80.064896 -4.285240
v -0.000013 81.420097 -7.148310
v -3.769053 81.466194 -6.800400
v -3.583723 82.662300 -6.545630
v -6.874833 82.837898 -6.029990
v 2.017836 94.193695 0.561464
v 2.619186 94.719009 0.066357
v -2.905843 80.304001 -3.977070
v -2.905843 78.639595 -5.395990
v -0.000013 78.635201 -5.495310
v -0.000013 80.064896 -4.285240
v 2.905817 80.304001 -3.977070
v 4.077657 92.663712 0.245974
v -0.000012 75.737396 -6.666970
v 2.905817 78.639595 -5.395990
v -2.905840 63.421497 -7.568710
v -5.527231 68.898201 -7.157430
v -5.527230 63.421497 -7.337030
v 4.676517 92.392113 -0.031706
v 5.273448 92.291718 -0.526814
v 5.527207 78.642700 -5.055449
v 2.905818 75.677696 -6.602320
v -5.926825 90.582893 -0.314868
v 5.527208 75.593697 -6.243079
v -10.382116 89.719299 -2.042548
v -0.894160 95.139206 0.066360
v -0.644397 100.909027 -1.959431
v -2.890425 100.477028 -2.042522
v 2.346194 87.582672 14.689680
v 3.293074 88.627411 10.607285
v 9.721156 83.435295 -4.641190
v 6.874806 82.837898 -6.029989
v -0.000013 82.383698 -6.764490
v 3.583697 82.662300 -6.545630
v -9.721183 83.435295 -4.641191
v -2.905843 80.304001 -3.977070
v -4.159345 94.012802 -0.526807
v -6.025785 98.687309 -1.964006
v -7.805376 96.785912 -2.042530
v 10.290388 85.749825 -1.972983
v 10.011989 85.650024 -1.972983
v -12.330007 57.207493 -6.992557
v -9.062075 57.207478 -7.297557
v 1.200542 88.715538 19.174986
v 1.310572 88.428535 19.127184
v 0.140962 87.368111 23.317581
v 0.096326 87.527107 23.325581
v -0.000019 87.190605 23.640779
v -17.703720 -0.001045 -23.630009
v -17.949320 -0.001044 -24.374308
v -12.821709 -0.001066 -24.867722
v -2.017855 94.193695 0.561464
v -2.619205 94.719009 0.066359
v -5.094225 99.352715 -1.964004
v 5.724507 99.292732 -2.362056
v 5.866987 99.569427 -1.964006
v 6.088777 99.065331 -1.964007
v -12.101403 11.621706 -21.698027
v 5.338197 99.525429 -1.964006
v 5.579857 99.034439 -2.446347
v 5.094207 99.352730 -1.964006
v -0.000016 90.978081 14.793991
v -0.392482 89.480438 19.302486
v -0.000017 89.539337 19.312286
v -0.884917 90.822083 14.791090
v -4.676545 92.392097 -0.031705
v -5.273475 92.291702 -0.526811
v 1.462926 93.309685 2.346558
v -5.338216 99.525414 -1.964004
v -5.257905 99.236023 -1.467575
v -5.576226 99.028908 -1.148195
v -2.799065 94.501198 0.746917
v 2.890396 100.477028 -2.042523
v 0.860000 89.187935 19.253687
v 0.392448 89.480438 19.302486
v -0.000019 87.617508 23.330183
v 0.884885 90.822083 14.791090
v 1.084244 92.916641 7.246866
v 0.757692 92.514343 7.246866
v -0.000015 92.625954 7.246866
v -4.342996 90.019051 5.082490
v -4.154556 88.690132 7.246857
v -3.469776 87.776016 9.083904
v 10.356488 82.421410 -3.952352
v -10.090814 86.291687 -5.599683
v -6.873484 85.631195 -7.533813
v 6.107967 87.932907 0.153734
v 10.064788 86.097511 -1.185762
v 10.045689 85.835419 -1.473272
v 9.470477 94.346825 -1.957490
v -12.073133 87.313309 -3.420496
v 7.186636 85.631195 -7.533813
v 10.090787 86.291702 -5.599684
v 2.890396 100.477028 -2.042523
v 5.094207 99.352730 -1.964006
v 12.073089 87.313316 -3.420511
v 11.674789 84.698517 -4.108252
v -3.784467 88.665924 9.083906
v -4.051936 89.996429 7.246860
v -3.828647 91.065437 7.246863
v -4.020186 91.338760 5.082494
v 4.330586 87.542770 5.082482
v 3.898236 87.720848 7.246852
v 3.469745 87.776031 9.083902
v -2.918236 93.006287 2.229788
v -3.620116 92.534988 2.177217
v -2.376915 93.267288 2.282359
v -1.462955 93.309685 2.346559
v 3.367125 89.869415 10.381687
v 3.784435 88.665939 9.083904
v -11.674832 84.698517 -4.108246
v -0.157129 87.174309 23.307880
v -3.648874 85.337502 -8.223594
v -0.000013 85.169495 -8.702494
v -5.942965 86.595093 0.114241
v -10.064816 86.097496 -1.185758
v -10.084018 86.441307 -1.473267
v 3.648847 85.337502 -8.223594
v 9.253258 94.159729 -1.480501
v 5.204298 91.899612 0.153744
v -2.313186 88.537819 9.083906
v -3.469776 87.776016 9.083904
v -3.898266 87.720833 7.246854
v -0.000016 88.665932 9.083905
v 9.672817 93.274529 -1.957493
v 10.382090 89.719330 -2.042552
v 7.805348 96.785927 -2.042534
v 9.167788 94.348427 -1.957490
v -0.000013 85.729202 -1.182501
v -3.412595 86.179298 -0.264334
v -3.504454 86.029900 -1.118439
v -3.848595 86.516991 0.578527
v -0.000013 89.017525 -3.875252
v -3.420974 87.821297 -0.000186
v -10.045717 85.835503 -1.473268
v -10.328717 86.074203 -1.422368
v -10.342617 86.323402 -1.630797
v -5.815084 88.770996 -0.031714
v -6.330055 88.265701 -0.526821
v -10.077417 86.627304 -1.972966
v 1.509996 94.025597 0.839141
v 2.155046 93.994003 1.087430
v -18.354727 99.422791 8.570329
v -16.613512 97.385666 5.422951
v -18.052027 99.581192 8.482959
v 2.376886 93.267288 2.282358
v 2.155046 93.994003 1.087430
v -18.052027 99.581192 8.482959
v -17.160015 98.667763 5.091660
v -18.354727 99.422791 8.570329
v -6.009376 98.814713 -1.467576
v 1.338823 87.446243 18.963581
v 0.446264 87.573547 18.981983
v -18.354727 99.422791 8.570329
v -17.160015 98.667763 5.091660
v -16.907211 97.216370 5.487741
v 2.346194 87.582672 14.689680
v 1.312773 87.990273 14.695984
v 2.101454 88.438416 10.604783
v -4.077685 92.663696 0.245976
v -4.676545 92.392097 -0.031705
v -4.398675 92.169388 0.490913
v -3.858875 92.421791 0.621696
v -3.980495 93.146400 -0.034319
v -3.741405 93.047791 0.490915
v -4.159345 94.012802 -0.526807
v -5.926825 90.582893 -0.314868
v -5.292065 89.992989 0.490907
v 10.011989 85.650024 -1.972983
v 3.504427 86.029915 -1.118441
v 2.460455 87.847443 6.705763
v -0.000016 88.678032 8.165376
v 12.039886 45.193199 -11.099093
v 5.794171 57.207462 -7.602566
v 9.062063 57.207478 -7.297565
v -24.830702 45.193218 1.730291
v -24.875807 48.622513 1.468698
v -25.841005 45.193218 1.530691
v -25.384806 47.718719 0.923686
v -2.598846 88.649437 7.246856
v -3.608856 88.013756 5.082486
v -9.929216 94.144409 -1.957477
v -9.470506 94.346809 -1.957486
v -9.167816 94.348412 -1.957476
v -7.805376 96.785912 -2.042530
v 10.328689 86.074219 -1.422372
v 10.314788 85.884224 -1.630802
v -25.705902 45.193214 -0.425956
v -31.968102 34.712429 1.572210
v -30.991295 34.712421 -1.141649
v -29.675488 34.712414 -3.809279
v -30.776400 34.712429 1.503690
v -24.802496 45.193211 -2.797944
v -34.044682 24.113419 -5.252053
v -27.547785 34.712414 -6.344658
v -5.867016 99.569412 -1.964004
v -5.338216 99.525414 -1.964004
v -5.094225 99.352715 -1.964004
v 5.815058 88.771011 -0.031717
v 5.522048 88.623695 0.490901
v 20.675789 45.193188 -7.222287
v 18.170986 45.193192 -8.956054
v 16.457693 57.207493 -6.088460
v -0.342978 101.269028 -1.609440
v -0.000013 101.251022 -1.361930
v -0.894160 95.139206 0.066360
v 24.799000 34.712379 -9.227864
v 21.738195 34.712383 -10.853284
v -0.934534 94.214699 1.087431
v -0.513467 101.270020 -1.959430
v -0.000012 101.583038 -1.959430
v 12.329999 57.207500 -6.992568
v 15.190587 45.193199 -10.145091
v 0.342953 101.269028 -1.609441
v 0.430409 100.907028 -1.476592
v -1.102486 93.537064 5.082499
v -1.612716 93.206642 7.246868
v 27.547808 34.712399 -6.344662
v 27.939404 24.113373 -11.496778
v 31.427313 24.113382 -8.536192
v -1.953746 92.313332 9.083915
v 34.349030 11.621700 -11.119083
v -2.271827 91.640320 9.826684
v 23.177700 45.193195 -4.521146
v 4.276187 87.288300 0.673404
v 3.848567 86.517006 0.578525
v 5.942937 86.595108 0.114238
v 39.099049 11.621749 -2.718518
v 39.733627 11.621754 1.663608
v 38.988327 11.621752 1.566756
v 36.649536 -0.001086 -13.522276
v 3.412567 86.179298 -0.264336
v 2.899265 91.672333 9.083912
v 2.594664 92.089928 9.083913
v 41.891155 -0.001050 -3.512187
v 42.346550 -0.001035 1.709656
v 41.520847 -0.001037 1.925125
v 1.953714 92.313332 9.083915
v 1.377604 92.191231 9.136155
v 41.263355 -0.001053 -3.398859
v 39.476151 -0.001072 -8.263496
v 41.891155 -0.001050 -3.512187
v 40.059151 -0.001071 -8.534645
v 41.520847 -0.001037 1.925125
v 41.263355 -0.001053 -3.398859
v 42.346550 -0.001035 1.709656
v 41.891155 -0.001050 -3.512187
v 0.368491 84.906586 3.268909
v -0.000015 85.449692 -0.787898
v -0.000016 84.838585 3.338769
v -0.368523 84.906586 3.268909
v -0.801528 85.497887 -0.471307
v -1.102486 85.135483 2.932880
v -1.968026 85.495781 0.640887
v -1.984676 85.628082 2.119330
v 1.984644 85.628098 2.119329
v 1.967995 85.495796 0.640886
v 1.102454 85.135483 2.932879
v 0.801498 85.497887 -0.471307
v 9.749998 83.601158 -2.256362
v 9.749998 84.436752 -2.559842
v 10.131001 83.786461 -2.127633
v 10.259700 84.436760 -2.256362
v 10.131001 85.086967 -2.127633
v 10.563200 84.436768 -1.746623
v 10.259700 85.272263 -1.746623
v 10.131001 85.086967 -1.365613
v 9.749998 85.755760 -1.746622
v 9.749998 85.272263 -1.236882
v 9.368989 85.086967 -1.365612
v 9.749999 84.436760 -0.933404
v 9.240259 84.436760 -1.236882
v 9.368989 83.786461 -1.365612
v 8.936779 84.436760 -1.746622
v 9.240259 83.601158 -1.746622
v 9.368989 83.786461 -2.127632
v 9.749999 83.117661 -1.746622
v 9.749998 83.601158 -2.256362
v 9.240259 85.272263 -1.746622
v 9.368989 85.086967 -2.127632
v 9.749999 85.272263 -2.256362
v 9.749998 84.436752 -2.559842
v 10.259700 84.436760 -1.236883
v 10.131001 83.786461 -1.365613
v 10.259700 83.601158 -1.746623
v 9.749999 83.117661 -1.746622
v 10.259700 83.601158 -1.746623
v 9.749999 83.601158 -1.236882
v 9.749999 83.117661 -1.746622
v 9.749999 83.601158 -1.236882
v 9.240259 84.436760 -2.256362
v 9.749998 84.436752 -2.559842
v 9.240259 84.436760 -2.256362
v 9.749999 85.272263 -2.256362
v -9.750006 83.117653 -1.746598
v -9.368996 83.786453 -1.365599
v -9.750007 83.601151 -1.236869
v -9.750007 84.436752 -0.933384
v -9.240266 84.436752 -1.236869
v -9.368996 85.086960 -1.365599
v -8.936786 84.436752 -1.746598
v -9.240266 85.272255 -1.746598
v -9.368996 85.086960 -2.127608
v -9.750007 85.755753 -1.746598
v -9.750006 85.272255 -2.256339
v -9.750007 85.272255 -1.236869
v -10.131007 85.086960 -1.365599
v -10.259706 84.436752 -1.236869
v -10.131007 83.786453 -1.365599
v -10.563207 84.436745 -1.746598
v -10.259706 83.601151 -1.746598
v -10.259706 85.272255 -1.746598
v -10.131007 85.086960 -2.127608
v -9.750006 85.272255 -2.256339
v -9.750006 84.436745 -2.559818
v -10.259706 84.436752 -2.256339
v -10.131007 83.786453 -2.127608
v -9.750006 83.601151 -2.256339
v -9.750006 83.117653 -1.746598
v -9.240266 83.601151 -1.746598
v -9.368996 83.786453 -2.127608
v -9.750006 83.601151 -2.256339
v -9.750006 84.436745 -2.559818
v -9.750006 84.436745 -2.559818
v -9.240266 84.436752 -2.256339
v -9.240266 84.436752 -2.256339
v -9.750006 83.117653 -1.746598
v -9.750007 83.601151 -1.236869
v -10.259706 83.601151 -1.746598
v 10.259700 84.436760 -2.256362
v 10.563200 84.436768 -1.746623
v 10.131001 85.086967 -2.127633
v 10.259700 85.272263 -1.746623
v 9.240259 84.436760 -2.256362
v 9.749998 84.436752 -2.559842
v 9.368989 85.086967 -2.127632
v 9.749999 85.272263 -2.256362
v 9.240259 84.436760 -1.236882
v 8.936779 84.436760 -1.746622
v 9.368989 85.086967 -1.365612
v 9.240259 85.272263 -1.746622
v 9.749998 85.272263 -1.236882
v 9.749998 85.755760 -1.746622
v 10.131001 85.086967 -1.365613
v 10.259700 85.272263 -1.746623
v 9.749998 83.601158 -2.256362
v 9.749999 83.117661 -1.746622
v 10.131001 83.786461 -2.127633
v 10.259700 83.601158 -1.746623
v 9.240259 83.601158 -1.746622
v 9.749999 83.117661 -1.746622
v 9.368989 83.786461 -2.127632
v 9.749998 83.601158 -2.256362
v 9.749999 83.601158 -1.236882
v 9.749999 83.117661 -1.746622
v 9.368989 83.786461 -1.365612
v 9.240259 83.601158 -1.746622
v 10.259700 83.601158 -1.746623
v 9.749999 83.117661 -1.746622
v 10.131001 83.786461 -1.365613
v 9.749999 83.601158 -1.236882
v 9.749999 85.272263 -2.256362
v 9.749998 84.436752 -2.559842
v 10.131001 85.086967 -2.127633
v 10.259700 84.436760 -2.256362
v 10.259700 85.272263 -1.746623
v 9.749998 85.755760 -1.746622
v 10.131001 85.086967 -2.127633
v 9.749999 85.272263 -2.256362
v 9.240259 85.272263 -1.746622
v 8.936779 84.436760 -1.746622
v 9.368989 85.086967 -2.127632
v 9.240259 84.436760 -2.256362
v 9.749999 85.272263 -2.256362
v 9.749998 85.755760 -1.746622
v 9.368989 85.086967 -2.127632
v 9.240259 85.272263 -1.746622
v 9.749998 85.272263 -1.236882
v 9.749999 84.436760 -0.933404
v 9.368989 85.086967 -1.365612
v 9.240259 84.436760 -1.236882
v 9.240259 85.272263 -1.746622
v 9.749998 85.755760 -1.746622
v 9.368989 85.086967 -1.365612
v 9.749998 85.272263 -1.236882
v 10.259700 84.436760 -1.236883
v 9.749999 84.436760 -0.933404
v 10.131001 85.086967 -1.365613
v 9.749998 85.272263 -1.236882
v 10.259700 85.272263 -1.746623
v 10.563200 84.436768 -1.746623
v 10.131001 85.086967 -1.365613
v 10.259700 84.436760 -1.236883
v 10.259700 84.436760 -2.256362
v 9.749998 84.436752 -2.559842
v 10.131001 83.786461 -2.127633
v 9.749998 83.601158 -2.256362
v 10.259700 83.601158 -1.746623
v 10.563200 84.436768 -1.746623
v 10.131001 83.786461 -2.127633
v 10.259700 84.436760 -2.256362
v 9.240259 84.436760 -2.256362
v 8.936779 84.436760 -1.746622
v 9.368989 83.786461 -2.127632
v 9.240259 83.601158 -1.746622
v 9.749998 83.601158 -2.256362
v 9.749998 84.436752 -2.559842
v 9.368989 83.786461 -2.127632
v 9.240259 84.436760 -2.256362
v 9.240259 84.436760 -1.236882
v 9.749999 84.436760 -0.933404
v 9.368989 83.786461 -1.365612
v 9.749999 83.601158 -1.236882
v 9.240259 83.601158 -1.746622
v 8.936779 84.436760 -1.746622
v 9.368989 83.786461 -1.365612
v 9.240259 84.436760 -1.236882
v 10.259700 84.436760 -1.236883
v 10.563200 84.436768 -1.746623
v 10.131001 83.786461 -1.365613
v 10.259700 83.601158 -1.746623
v 9.749999 83.601158 -1.236882
v 9.749999 84.436760 -0.933404
v 10.131001 83.786461 -1.365613
v 10.259700 84.436760 -1.236883
v -10.259706 84.436752 -2.256339
v -10.131007 85.086960 -2.127608
v -10.563207 84.436745 -1.746598
v -10.259706 85.272255 -1.746598
v -9.240266 84.436752 -2.256339
v -9.368996 85.086960 -2.127608
v -9.750006 84.436745 -2.559818
v -9.750006 85.272255 -2.256339
v -9.240266 84.436752 -1.236869
v -9.368996 85.086960 -1.365599
v -8.936786 84.436752 -1.746598
v -9.240266 85.272255 -1.746598
v -9.750007 85.272255 -1.236869
v -10.131007 85.086960 -1.365599
v -9.750007 85.755753 -1.746598
v -10.259706 85.272255 -1.746598
v -9.750006 83.601151 -2.256339
v -10.131007 83.786453 -2.127608
v -9.750006 83.117653 -1.746598
v -10.259706 83.601151 -1.746598
v -9.240266 83.601151 -1.746598
v -9.368996 83.786453 -2.127608
v -9.750006 83.117653 -1.746598
v -9.750006 83.601151 -2.256339
v -9.750007 83.601151 -1.236869
v -9.368996 83.786453 -1.365599
v -9.750006 83.117653 -1.746598
v -9.240266 83.601151 -1.746598
v -10.259706 83.601151 -1.746598
v -10.131007 83.786453 -1.365599
v -9.750006 83.117653 -1.746598
v -9.750007 83.601151 -1.236869
v -9.750006 85.272255 -2.256339
v -10.131007 85.086960 -2.127608
v -9.750006 84.436745 -2.559818
v -10.259706 84.436752 -2.256339
v -10.259706 85.272255 -1.746598
v -10.131007 85.086960 -2.127608
v -9.750007 85.755753 -1.746598
v -9.750006 85.272255 -2.256339
v -9.240266 85.272255 -1.746598
v -9.368996 85.086960 -2.127608
v -8.936786 84.436752 -1.746598
v -9.240266 84.436752 -2.256339
v -9.750006 85.272255 -2.256339
v -9.368996 85.086960 -2.127608
v -9.750007 85.755753 -1.746598
v -9.240266 85.272255 -1.746598
v -9.750007 85.272255 -1.236869
v -9.368996 85.086960 -1.365599
v -9.750007 84.436752 -0.933384
v -9.240266 84.436752 -1.236869
v -9.240266 85.272255 -1.746598
v -9.368996 85.086960 -1.365599
v -9.750007 85.755753 -1.746598
v -9.750007 85.272255 -1.236869
v -10.259706 84.436752 -1.236869
v -10.131007 85.086960 -1.365599
v -9.750007 84.436752 -0.933384
v -9.750007 85.272255 -1.236869
v -10.259706 85.272255 -1.746598
v -10.131007 85.086960 -1.365599
v -10.563207 84.436745 -1.746598
v -10.259706 84.436752 -1.236869
v -10.259706 84.436752 -2.256339
v -10.131007 83.786453 -2.127608
v -9.750006 84.436745 -2.559818
v -9.750006 83.601151 -2.256339
v -10.259706 83.601151 -1.746598
v -10.131007 83.786453 -2.127608
v -10.563207 84.436745 -1.746598
v -10.259706 84.436752 -2.256339
v -9.240266 84.436752 -2.256339
v -9.368996 83.786453 -2.127608
v -8.936786 84.436752 -1.746598
v -9.240266 83.601151 -1.746598
v -9.750006 83.601151 -2.256339
v -9.368996 83.786453 -2.127608
v -9.750006 84.436745 -2.559818
v -9.240266 84.436752 -2.256339
v -9.240266 84.436752 -1.236869
v -9.368996 83.786453 -1.365599
v -9.750007 84.436752 -0.933384
v -9.750007 83.601151 -1.236869
v -9.240266 83.601151 -1.746598
v -9.368996 83.786453 -1.365599
v -8.936786 84.436752 -1.746598
v -9.240266 84.436752 -1.236869
v -10.259706 84.436752 -1.236869
v -10.131007 83.786453 -1.365599
v -10.563207 84.436745 -1.746598
v -10.259706 83.601151 -1.746598
v -9.750007 83.601151 -1.236869
v -10.131007 83.786453 -1.365599
v -9.750007 84.436752 -0.933384
v -10.259706 84.436752 -1.236869
v -1.505865 87.517853 5.249874
v -1.505865 87.114967 5.100303
v -1.391245 87.334351 5.744113
v -1.391245 86.931450 5.594532
v -1.064815 87.178841 6.163102
v -1.064815 86.775848 6.013521
v -0.576280 87.074844 6.443061
v -0.576280 86.671951 6.293480
v -0.000015 87.038345 6.541371
v -0.000015 86.635445 6.391790
v 0.576251 87.074844 6.443061
v 0.576250 86.671951 6.293480
v 1.064785 87.178841 6.163101
v 1.064785 86.775848 6.013520
v 1.391215 87.334351 5.744112
v 1.391215 86.931450 5.594531
v 1.505835 87.517853 5.249873
v 1.505835 87.114967 5.100302
v -0.000015 86.600243 6.534890
v 0.266670 86.690147 6.540061
v -0.000015 86.665146 6.584100
v -0.000015 86.815247 6.635911
v 0.277856 86.828041 6.585261
v -0.000015 87.165543 6.646662
v 0.315085 87.210342 6.590892
v -0.000015 87.433846 6.681362
v 0.312381 87.482246 6.635932
v -0.000015 87.745735 7.514223
v 0.343157 87.923737 7.462634
v -0.000015 87.963943 7.516084
v 0.355602 88.579742 6.891655
v -0.000015 88.603348 6.926025
v -0.000015 89.611954 6.530248
v -0.355630 88.579742 6.891655
v -0.300719 89.596146 6.461398
v -0.740903 88.261147 6.464535
v -0.486956 89.507446 6.164828
v -1.327576 89.462845 6.335728
v -0.288606 86.614143 6.477270
v -0.270744 86.442741 6.468440
v -0.000015 86.602242 6.534120
v -0.000015 86.431343 6.515260
v -0.265046 86.276741 6.288799
v -0.000015 86.270950 6.328469
v -0.285391 85.919144 6.083338
v -0.000015 85.908745 6.111378
v -0.000015 85.524956 5.946248
v 0.285361 85.919144 6.083338
v 0.330667 85.540054 5.919248
v 0.621714 85.965958 6.024008
v 0.656929 85.613853 5.858768
v 1.001095 86.087151 5.934309
v 1.112865 85.725960 5.711478
v 1.331785 86.195152 5.812309
v 1.532415 86.066254 5.367559
v 1.890676 86.435455 5.380190
v 0.300691 89.596146 6.461398
v 0.740875 88.261147 6.464535
v 0.486928 89.507446 6.164828
v 1.327545 89.462845 6.335727
v 1.404055 87.692146 6.383223
v 2.281625 89.432350 5.974217
v 2.116385 87.760445 6.118793
v 2.499005 89.409454 5.779947
v 2.477055 87.864349 5.655334
v 3.006816 89.263260 5.025297
v 2.815366 88.030457 4.898274
v 3.119856 89.211456 4.352396
v 3.006906 88.316658 4.197614
v 3.184126 89.195663 3.661517
v 3.149686 88.606972 3.546706
v -0.274118 86.613243 6.473130
v -0.266700 86.690147 6.540061
v -0.612921 86.632645 6.384420
v -0.616201 86.710953 6.426750
v -0.277886 86.828041 6.585261
v -0.694946 86.845642 6.443581
v -0.315114 87.210342 6.590892
v -0.759964 87.261444 6.487372
v -0.312410 87.482246 6.635932
v -0.791163 87.566246 6.552002
v -0.343185 87.923737 7.462634
v -1.187975 86.706848 6.145571
v -1.331815 86.195152 5.812310
v -1.126655 86.336853 5.967590
v -1.001125 86.087151 5.934310
v -1.112895 85.725960 5.711479
v -0.656959 85.613853 5.858768
v -0.768633 85.175156 5.696117
v -0.330697 85.540054 5.919248
v -0.395144 85.092651 5.827997
v -0.000015 85.089851 5.883417
v 0.395114 85.092651 5.827997
v 0.307308 84.868454 5.475437
v -0.612921 86.632645 6.384420
v -0.965491 86.673042 6.229520
v -0.972654 86.735954 6.262931
v -1.028775 86.837646 6.290581
v -1.237145 87.266953 6.355003
v -1.404076 87.692146 6.383224
v 1.789286 85.892059 4.392288
v 1.668026 85.978157 4.972389
v 1.164845 85.457153 5.360057
v 2.105756 86.390968 4.792500
v 2.176586 86.884956 5.439941
v 1.569485 86.596550 5.915940
v 1.680785 86.791962 5.968671
v 1.187945 86.706848 6.145570
v 1.185545 86.706642 6.145550
v 0.791134 87.566246 6.552002
v 1.237115 87.266953 6.355002
v 1.964315 87.297043 6.065902
v 1.506355 87.040245 6.195881
v 1.185545 86.706642 6.145550
v -0.961357 86.675247 6.230430
v -0.930603 86.609642 6.194920
v -0.577197 86.634247 6.385540
v -0.589491 86.508842 6.312900
v -0.921500 86.478645 6.122870
v -0.592936 86.343842 6.199170
v -0.621744 85.965958 6.024008
v -0.577197 86.634247 6.385540
v -0.288606 86.614143 6.477270
v -1.789315 85.892059 4.392289
v -1.668055 85.978157 4.972390
v -2.270655 86.413368 4.020641
v -2.105785 86.390968 4.792501
v -1.532445 86.066254 5.367560
v -1.890705 86.435349 5.380191
v -1.569505 86.596550 5.915941
v -1.187975 86.706848 6.145571
v 1.187945 86.706848 6.145570
v 1.126625 86.336853 5.967589
v 0.921470 86.478645 6.122870
v 0.592906 86.343842 6.199170
v 0.589461 86.508842 6.312900
v 0.270714 86.442741 6.468440
v 2.742456 87.334763 4.305232
v 2.535626 87.099457 4.819902
v 2.362155 87.333855 5.567712
v -1.680815 86.791962 5.968672
v -1.964346 87.297043 6.065903
v -2.176615 86.884956 5.439942
v -2.362185 87.333855 5.567713
v -2.116416 87.760445 6.118793
v -2.477085 87.864349 5.655334
v -2.499035 89.409454 5.779948
v -3.006846 89.263260 5.025299
v -2.842185 87.490974 3.587914
v -2.742485 87.334763 4.305233
v -3.149715 88.606972 3.546707
v -3.006935 88.316658 4.197616
v -2.815395 88.030457 4.898275
v -3.119886 89.211456 4.352398
v -1.185575 86.706642 6.145551
v -1.187975 86.706848 6.145571
v -0.736751 84.979652 5.329486
v -1.127725 85.358459 4.922158
v -1.164875 85.457153 5.360058
v -2.535655 87.099457 4.819903
v 1.185545 86.706642 6.145550
v 1.028745 86.837646 6.290580
v 0.972625 86.735954 6.262931
v 0.694916 86.845642 6.443581
v 0.759935 87.261444 6.487372
v 0.265016 86.276741 6.288799
v -1.185575 86.706642 6.145551
v -1.506385 87.040245 6.195882
v 0.768603 85.175156 5.696117
v 2.270626 86.413368 4.020640
v -2.270655 86.413368 4.020641
v -2.281656 89.432251 5.974218
v 0.616171 86.710953 6.426750
v 1.187945 86.706848 6.145570
v 1.789286 85.892059 4.392288
v 2.270626 86.413368 4.020640
v 1.185545 86.706642 6.145550
v -0.736751 84.979652 5.329486
v -0.307338 84.868454 5.475437
v -3.184155 89.195663 3.661518
v -1.789315 85.892059 4.392289
v -1.187975 86.706848 6.145571
v 0.577167 86.634247 6.385540
v 0.288576 86.614143 6.477270
v 0.612891 86.632645 6.384420
v 0.965461 86.673042 6.229520
v 0.736722 84.979652 5.329486
v 1.127696 85.358459 4.922157
v 0.274088 86.613243 6.473130
v 0.612891 86.632645 6.384420
v 0.961327 86.675247 6.230430
v 0.577167 86.634247 6.385540
v 0.930573 86.609642 6.194920
v 0.307308 84.868454 5.475437
v 0.736722 84.979652 5.329486
v 0.288576 86.614143 6.477270
v -0.000015 86.602242 6.534120
v 1.187945 86.706848 6.145570
v 2.842156 87.490974 3.587913
v -0.000015 86.600243 6.534890
v -0.277886 86.828041 6.585261
v -0.000015 86.815247 6.635911
v -0.000015 87.165543 6.646662
v -1.185575 86.706642 6.145551
v -0.000015 84.844254 5.492716
v -0.307338 84.868454 5.475437
v 0.965461 86.673042 6.229520
v 1.185545 86.706642 6.145550
v 0.961327 86.675247 6.230430
v 1.187945 86.706848 6.145570
v 1.127696 85.358459 4.922157
v 1.789286 85.892059 4.392288
v -0.000015 86.600243 6.534890
v 0.274088 86.613243 6.473130
v 2.842156 87.490974 3.587913
v 2.270626 86.413368 4.020640
v -1.187975 86.706848 6.145571
v -0.961357 86.675247 6.230430
v -1.789315 85.892059 4.392289
v -1.127725 85.358459 4.922158
v -0.274118 86.613243 6.473130
v -0.000015 86.600243 6.534890
v -1.185575 86.706642 6.145551
v -0.965491 86.673042 6.229520
v -2.270655 86.413368 4.020641
v -2.842185 87.490974 3.587914
v -0.000015 84.844254 5.492716
v 1.187945 86.706848 6.145570
v -1.185575 86.706642 6.145551
v -0.740903 88.261147 6.464535
v -1.327576 89.462845 6.335728
v -1.187975 86.706848 6.145571
v -0.965491 86.673042 6.229520
v -1.091195 87.111649 5.913813
v -0.612921 86.632645 6.384420
v -0.612921 87.155342 6.086902
v -0.612921 87.289459 4.959613
v -0.306468 87.173042 6.205072
v -0.000015 87.260658 5.064152
v -0.000015 87.189346 6.266822
v 0.306438 87.173042 6.205072
v -0.000015 86.600243 6.534890
v 0.274088 86.613243 6.473130
v -1.185575 86.706642 6.145551
v -1.502025 87.061653 5.637832
v -0.965491 86.673042 6.229520
v -1.502025 87.331360 4.670623
v -1.504885 86.591057 4.665521
v -0.832132 86.148758 4.741920
v -1.504885 86.614655 5.632731
v -0.832132 86.325653 5.869200
v -0.961357 86.675247 6.230430
v -1.476994 86.513603 -0.810913
v -2.460794 86.560699 -0.050358
v -2.290054 87.862015 -1.241565
v -2.756695 87.862007 -0.172812
v -2.690254 86.649292 0.913102
v -3.011515 87.709892 1.073615
v -2.496054 86.478989 2.191231
v -2.966265 87.601486 2.210894
v -2.904225 87.578773 2.746754
v -3.270725 89.193085 2.283448
v -3.278335 89.194473 2.728858
v 2.290027 89.082008 -1.039742
v 2.851227 89.088196 0.028979
v 2.756667 87.862007 -0.172813
v 3.011487 87.709892 1.073614
v 3.113827 89.140694 1.147257
v 2.966236 87.601486 2.210893
v 3.270696 89.193184 2.283448
v 2.904196 87.578773 2.746753
v 3.278306 89.194473 2.728857
v 2.842156 87.490974 3.587913
v 1.187945 86.706848 6.145570
v 1.504865 86.614655 5.632730
v 0.961327 86.675247 6.230430
v 0.832102 86.325653 5.869200
v 0.832103 86.148758 4.741920
v -0.000015 85.880760 4.885289
v -2.290054 89.082008 -1.039742
v -2.851255 89.088196 0.028980
v -3.113855 89.140694 1.147259
v 1.984646 85.628082 2.119328
v 2.496026 86.478989 2.191230
v 1.891586 85.883469 3.438458
v 2.372566 86.423378 3.067970
v 2.270626 86.413368 4.020640
v 2.842156 87.490974 3.587913
v 2.391587 86.186493 0.834253
v 2.460767 86.560699 -0.050359
v 2.690227 86.649292 0.913101
v 2.290027 87.862015 -1.241566
v 1.247877 89.075813 -1.878262
v -2.842185 87.490974 3.587914
v -2.270655 86.413368 4.020641
v -2.372595 86.423378 3.067971
v -1.891615 85.883469 3.438459
v -1.984675 85.628082 2.119329
v 0.577167 86.634247 6.385540
v 0.288576 86.614143 6.477270
v -0.000015 86.288246 6.283119
v 1.091175 87.111649 5.913812
v 1.501996 87.331459 4.670622
v 1.501995 87.061653 5.637831
v 1.504866 86.591057 4.665520
v 0.612892 87.289459 4.959613
v 0.368493 84.906570 3.268907
v -0.000014 84.949593 0.789132
v 1.102456 85.135475 2.932877
v 0.951979 85.122192 0.744487
v -0.000013 85.449707 -0.787899
v 0.801500 85.497902 -0.471308
v -1.247904 89.075813 -1.878262
v -0.000013 89.071312 -2.179492
v -1.247904 87.862022 -1.751655
v -0.000013 87.862022 -2.052905
v 1.247877 87.862022 -1.751655
v 1.476977 86.513603 -0.810914
v -1.185575 86.706642 6.145551
v -1.187975 86.706848 6.145571
v -0.368521 84.906570 3.268907
v -0.667615 84.961861 4.380687
v -1.102484 85.135475 2.932878
v -1.120935 85.228569 4.042387
v -0.736751 84.979652 5.329486
v -1.127725 85.358459 4.922158
v -1.789315 85.892059 4.392289
v -1.127725 85.358459 4.922158
v -1.102484 85.135475 2.932878
v -0.000014 84.838570 3.338767
v -0.000015 84.833260 4.542536
v -0.368521 84.906570 3.268907
v -0.736751 84.979652 5.329486
v -1.476994 86.513603 -0.810913
v 1.476977 86.513603 -0.810914
v -0.000014 84.838570 3.338767
v 0.368493 84.906570 3.268907
v 0.667586 84.961861 4.380687
v 1.789286 85.892059 4.392288
v 1.127696 85.358459 4.922157
v 1.120916 85.228569 4.042387
v -0.368521 84.906570 3.268907
v -1.102484 85.135475 2.932878
v -0.952006 85.122192 0.744488
v -0.801527 85.497902 -0.471308
v -1.476994 86.513603 -0.810913
v -0.000013 85.449707 -0.787899
v -0.000013 86.455612 -1.613909
v 1.984646 85.628082 2.119328
v 2.391587 86.186493 0.834253
v 0.368493 84.906570 3.268907
v 1.102456 85.135475 2.932877
v 0.801500 85.497902 -0.471308
v -0.000013 85.449707 -0.787899
v 1.476977 86.513603 -0.810914
v -2.842185 87.490974 3.587914
v -3.149715 88.606972 3.546707
v -0.801527 85.497902 -0.471308
v -0.000013 85.449707 -0.787899
v 1.102456 85.135475 2.932877
v 1.984646 85.628082 2.119328
v -2.391614 86.186493 0.834254
v -1.984675 85.628082 2.119329
v 0.736722 84.979652 5.329486
v 0.307308 84.868454 5.475437
v -1.476994 86.513603 -0.810913
v -1.789315 85.892059 4.392289
v -2.270655 86.413368 4.020641
v 3.184126 89.195663 3.661517
v 3.149686 88.606972 3.546706
v 1.187945 86.706848 6.145570
v 1.185545 86.706642 6.145550
v 0.612891 86.632645 6.384420
v 0.274088 86.613243 6.473130
v 0.612892 87.155342 6.086902
v 1.185545 86.706642 6.145550
v 0.965461 86.673042 6.229520
v 0.736722 84.979652 5.329486
v 1.127696 85.358459 4.922157
v 1.789286 85.892059 4.392288
v 2.270626 86.413368 4.020640
v -0.274118 86.613243 6.473130
v -0.612921 86.632645 6.384420
v 0.965461 86.673042 6.229520
v 0.612891 86.632645 6.384420
v -0.000015 86.600243 6.534890
v -0.274118 86.613243 6.473130
v -0.577197 86.634247 6.385540
v -0.288606 86.614143 6.477270
v 1.967997 85.495789 0.640885
v 1.476977 86.513603 -0.810914
v -0.000015 86.602242 6.534120
v 0.288576 86.614143 6.477270
v 0.577167 86.634247 6.385540
v 0.961327 86.675247 6.230430
v -0.000015 84.844254 5.492716
v -0.307338 84.868454 5.475437
v 1.967997 85.495789 0.640885
v 0.801500 85.497902 -0.471308
v 1.476977 86.513603 -0.810914
v 2.391587 86.186493 0.834253
v 1.967997 85.495789 0.640885
v 1.967997 85.495789 0.640885
v 2.391587 86.186493 0.834253
v 1.984646 85.628082 2.119328
v -0.288606 86.614143 6.477270
v -0.000015 86.602242 6.534120
v -0.961357 86.675247 6.230430
v -0.577197 86.634247 6.385540
v -1.984675 85.628082 2.119329
v -2.391614 86.186493 0.834254
v -1.968024 85.495789 0.640886
v -1.476994 86.513603 -0.810913
v -0.801527 85.497902 -0.471308
v -1.968024 85.495789 0.640886
v -1.476994 86.513603 -0.810913
v -1.968024 85.495789 0.640886
v 1.967997 85.495789 0.640885
v 1.984646 85.628082 2.119328
v -1.968024 85.495789 0.640886
v -1.984675 85.628082 2.119329
v -1.968024 85.495789 0.640886
v -0.801527 85.497902 -0.471308
v 0.307308 84.868454 5.475437
v -0.000015 84.844254 5.492716
v -2.391614 86.186493 0.834254
v -1.968024 85.495789 0.640886
v 0.801500 85.497902 -0.471308
v 1.967997 85.495789 0.640885
v 1.984646 85.628082 2.119328
v 1.102456 85.135475 2.932877
v -1.984675 85.628082 2.119329
v -1.102484 85.135475 2.932878
v 0.368493 84.906570 3.268907
v -0.000014 84.838570 3.338767
v -0.000014 84.838570 3.338767
v -0.368521 84.906570 3.268907
v -0.307338 84.868454 5.475437
v -1.187975 86.706848 6.145571
v -1.984675 85.628082 2.119329
v -3.184155 89.195663 3.661518
v 1.476977 86.513603 -0.810914
v -2.391614 86.186493 0.834254
v 49.713165 76.230537 -0.454351
v 50.847164 76.850235 -0.532173
v 50.871952 76.675026 0.510040
v -3.083517 89.856415 10.543590
v -2.790507 90.440414 10.441891
v 51.294743 77.014015 -0.293348
v 51.315044 76.870918 0.494024
v -2.446927 88.194977 14.708485
v -1.338858 87.446243 18.963581
v 54.433331 77.047791 0.491379
v 54.413033 77.190895 -0.068967
v 57.024029 77.044090 0.488077
v 57.003727 77.187088 -0.002329
v -0.150969 87.075706 23.302881
v 57.504822 77.004898 0.488078
v 57.484520 77.103989 -0.002329
v 58.795620 77.174492 0.484269
v 58.775421 77.273590 0.074498
v 59.623821 77.820793 0.489174
v 59.311028 78.329292 -0.084127
v 59.631420 78.770592 0.488002
v 57.553028 78.770592 0.492544
v 57.549320 78.329491 1.121990
v 2.376886 93.267288 2.282358
v 3.510736 94.401108 1.226181
v 2.918206 93.006287 2.229787
v 54.454731 77.164291 1.008097
v 53.952526 77.047791 0.491378
v 49.695259 76.043335 1.335032
v 50.898159 76.817535 1.471103
v 51.336445 76.987312 1.227824
v 51.359539 78.462921 1.364114
v 5.094207 99.352730 -1.964006
v 53.932224 77.190895 -0.068968
v 54.010330 78.329292 -0.285883
v -3.152227 87.773216 10.603484
v 57.045425 77.160492 0.940299
v -2.346217 87.582672 14.689682
v 57.526222 77.085495 0.940300
v 58.817024 77.255188 0.862135
v -0.446298 87.573547 18.981983
v -0.000018 87.637245 18.991182
v 9.167788 94.348427 -1.957490
v 7.805348 96.785927 -2.042534
v 49.673664 79.206139 -0.402573
v 49.703659 79.261536 0.498351
v 50.942863 78.460739 -0.548106
v 50.931057 79.001122 0.505723
v 49.510361 79.098335 1.342302
v 6.025757 98.687325 -1.964008
v 59.297722 78.329491 1.013952
v -4.330615 87.542755 5.082484
v -5.131455 86.755180 1.347003
v -3.247966 87.488358 5.082484
v -2.887085 88.484657 5.082486
v -0.000015 89.143951 6.875937
v 2.310245 88.567047 6.164675
v -6.330055 88.265701 -0.526821
v -10.337817 86.458305 -1.972967
v -10.342617 86.323402 -1.630797
v -10.585017 86.069397 -1.972968
v -10.314816 85.884209 -1.630798
v 57.562626 78.329292 -0.192169
v 50.926460 78.461037 1.474493
v 54.010571 77.146225 1.952636
v 56.243172 76.891121 2.434649
v 53.982471 76.894928 2.433126
v 56.295872 77.293930 2.849759
v 56.776669 77.293922 2.849759
v 58.497967 78.072922 2.951002
v 56.749569 78.072929 3.079529
v 58.820370 77.626312 2.436602
v 58.817169 78.534813 2.432932
v 58.523571 78.160011 1.945121
v 58.042870 77.242714 2.093891
v 56.775169 78.160011 1.816599
v 56.752075 77.142517 2.003379
v 56.271271 77.142525 2.003379
v 56.294373 78.160019 1.816599
v -3.333486 92.607864 5.082497
v -4.539035 91.491486 1.887185
v 54.035172 77.297623 2.895586
v 56.268772 78.072929 3.079529
v 5.926797 90.582909 -0.314872
v 5.615138 89.989204 -0.031713
v 56.738770 78.534813 2.429069
v 5.423798 89.384407 0.245964
v -2.619205 94.719009 0.066359
v -2.017855 94.193695 0.561464
v -2.155065 93.994003 1.087431
v 56.723972 76.891113 2.434649
v 58.014771 77.068512 2.437381
v -1.510015 94.025597 0.839143
v -1.477565 93.794006 1.237990
v -1.179275 94.343796 0.561465
v -0.000015 92.298225 9.083915
v 1.017184 92.214828 9.083915
v 58.067467 77.347610 2.768001
v -0.497264 93.484482 2.389759
v 53.634258 76.870682 -3.800061
v 55.523663 76.538879 -3.399738
v 53.626064 76.542686 -3.399142
v 55.493763 76.976990 -2.973108
v -5.815084 88.770996 -0.031714
v 55.974567 76.976997 -2.973108
v 57.524467 77.955994 -2.818704
v 55.997860 77.955986 -2.730527
v 57.761871 77.196091 -3.412584
v 57.809971 78.026489 -3.403904
v 57.412670 77.642288 -3.882775
v 56.997471 76.877090 -3.728456
v 55.976963 77.815483 -3.970957
v 56.012772 76.866890 -3.776197
v -5.423825 89.384392 0.245967
v 55.531963 76.866882 -3.776198
v 55.496162 77.815483 -3.970958
v -5.615165 89.989189 -0.031711
v 53.638260 76.980782 -2.916262
v 55.517063 77.955986 -2.730528
v -9.885566 93.609016 -1.957478
v 53.661560 77.955994 -2.657911
v 56.004570 76.538887 -3.399738
v 57.031372 76.649788 -3.400936
v 57.043568 76.953293 -3.029755
v 50.543564 76.708138 -2.403857
v 49.373764 75.833633 -2.401098
v 50.391865 76.171852 -3.260878
v 49.111568 76.410538 -4.006739
v 3.152195 87.773117 10.603482
v 49.120667 77.434540 -4.056609
v 50.281765 76.573456 -3.937238
v 49.272865 78.507942 -3.068518
v 50.237869 77.665855 -4.100818
v 49.397163 78.657333 -2.241628
v 50.380962 78.205330 -3.275107
v 49.563763 79.024338 -1.293568
v 50.572163 78.118942 -2.382947
v 50.757465 78.713226 -1.540657
v 4.539007 91.491501 1.887183
v -2.048806 91.520325 9.898284
v 50.946266 78.089218 -2.452807
v 50.829967 78.159821 -3.402187
v 50.738762 76.583527 -1.559697
v 51.252766 76.986420 -0.787063
v 51.330868 78.435120 -0.646213
v -3.152227 87.773216 10.603484
v -2.346217 87.582672 14.689682
v 0.513443 101.270020 -1.959431
v -1.462955 93.309685 2.346559
v 50.922962 76.803764 -2.652127
v 51.195168 78.641220 -1.530216
v 51.049072 78.156021 -2.265977
v 51.025768 76.870522 -2.112267
v -2.020357 91.461929 10.159794
v -2.048806 91.520325 9.898284
v 56.871075 77.043610 -1.929631
v 58.145969 77.103706 -1.520430
v 56.855076 76.941803 -1.524391
v 58.105770 77.254608 -1.133760
v 58.946671 77.638306 -1.524959
v 58.641472 78.301704 -0.972949
v 58.948772 78.507912 -1.519719
v 56.893074 78.301704 -0.880378
v 56.870373 78.507912 -1.523551
v 54.172474 77.163406 -1.025774
v 53.731766 76.945610 -1.527084
v 54.212574 76.945610 -1.527084
v 53.747768 77.047409 -1.973734
v 54.228577 77.047409 -1.973734
v 53.771076 78.022606 -2.178674
v 54.251869 78.022606 -2.178674
v 58.642773 78.022606 -2.022999
v 56.390274 77.043610 -1.929631
v 56.374275 76.941803 -1.524392
v -10.045717 85.835503 -1.473268
v 56.814972 77.159607 -1.069541
v 56.334080 77.159607 -1.069541
v -10.290417 85.749809 -1.972968
v -10.314816 85.884209 -1.630798
v -10.585017 86.069397 -1.972968
v 56.894375 78.022606 -2.115571
v 58.161873 77.174210 -1.864930
v 44.161362 77.088036 2.605526
v 43.269260 77.264534 3.040735
v 44.198158 76.011940 1.721977
v 43.269260 75.842339 2.113505
v 42.053661 77.289940 3.456584
v 42.053661 75.290039 2.437964
v 41.232262 77.289536 3.676784
v 40.149261 74.725235 3.579582
v 40.149258 75.780434 4.149982
v 38.431255 74.260544 4.214241
v 40.149265 75.484734 -3.816747
v 41.232265 76.981239 -3.258066
v 42.053665 75.168434 -2.199446
v 42.053665 76.998436 -3.037866
v 42.053665 78.826340 -2.284186
v 43.269264 78.556641 -1.897894
v 43.269260 79.034439 0.160929
v 44.132561 78.869835 0.104880
v 44.151260 78.428940 2.015976
v 45.343864 78.778435 -0.042847
v 45.335758 78.600037 1.615728
v 47.352161 78.999435 1.299890
v 47.635746 78.288445 3.617123
v 49.167660 78.639633 3.111701
v 49.577534 77.670258 3.581567
v 50.674664 78.354332 3.283273
v 47.309265 79.100235 -0.223402
v 45.266464 78.450836 -1.560492
v 47.120762 78.732040 -1.885421
v 45.195263 77.872940 -2.566153
v 47.055664 78.066238 -3.186421
v 45.167862 76.996536 -2.986443
v 47.025463 77.119835 -3.693041
v 45.193462 76.173836 -2.708863
v 47.024864 76.219040 -3.529401
v 45.245068 75.541634 -1.657492
v 47.213463 75.536942 -2.007790
v 45.367264 75.831940 -0.139051
v 47.326462 75.945641 -0.307125
v 45.435162 75.629936 1.398568
v 2.048774 91.520325 9.898282
v 47.305859 75.635834 1.301270
v 51.301365 76.969330 1.717424
v 51.218166 76.717934 2.431014
v 50.780262 76.509727 2.442083
v 44.074265 78.350739 -1.595973
v 43.269264 77.023735 -2.623504
v 44.049564 77.022339 -2.433854
v 43.269264 75.698235 -1.881304
v 44.094765 76.029640 -1.826324
v 43.269260 75.524834 0.018396
v 44.144958 75.891434 0.054578
v 3.152195 87.773117 10.603482
v 3.469745 87.776031 9.083902
v 48.962761 75.858139 2.504191
v 49.832630 76.550964 3.049216
v 2.313155 88.537819 9.083904
v 3.898236 87.720848 7.246852
v 2.598825 88.649437 7.246855
v 40.149261 74.349243 2.441892
v 41.232262 75.039040 1.290704
v 42.053661 74.918037 0.006102
v 40.304462 74.021141 -0.069939
v 40.412663 74.277542 -0.949134
v 39.356464 72.986954 -0.112939
v 40.051159 78.630135 4.018852
v 41.051861 78.765335 2.414963
v 41.071461 77.289337 3.442483
v 41.041962 77.212639 0.216276
v 41.080662 79.302437 1.466413
v 41.054760 79.403740 0.204375
v 40.067661 79.948036 0.262590
v 40.067764 79.791634 -0.669066
v 39.188862 81.264038 0.195876
v 43.269260 78.688942 2.281035
v 45.145153 77.660545 3.587269
v 45.267452 78.172348 2.896499
v 3.247936 87.488358 5.082482
v 41.055359 75.087135 0.044685
v 41.081963 75.170738 -1.101676
v 41.052364 75.589134 -1.971907
v 41.070866 76.998238 -3.028587
v 40.050762 74.981537 -2.802298
v 40.051163 75.633942 -3.560478
v 38.428665 74.277946 -3.768379
v 41.081562 79.223137 -0.965810
v 41.052563 78.622238 -2.046667
v 40.051563 78.316437 -3.622738
v 41.232265 74.974640 -1.185236
v 40.149265 74.543846 -3.379827
v 38.431267 74.046143 -4.037419
v 40.149265 80.015434 -2.314827
v 41.232265 79.411339 -1.047626
v 42.053661 79.382339 0.179196
v 40.149261 80.405334 0.274637
v 40.149261 80.078339 1.158512
v 39.216759 81.582039 0.195329
v 42.053661 78.981636 2.592234
v 41.232262 79.493439 1.555924
v 40.149261 79.808037 3.811102
v 40.149258 78.763741 4.285913
v 38.431255 80.264946 4.488741
v 40.051659 79.982941 2.584612
v 40.050659 79.352341 3.248732
v 38.428455 80.046638 4.208491
v 39.282166 73.249641 -0.102219
v 40.364162 74.540947 -0.895536
v 39.356464 72.986954 -0.112939
v 40.412663 74.277542 -0.949134
v 41.081963 75.170738 -1.101676
v 41.232265 74.974640 -1.185236
v 50.798363 78.734428 2.427763
v 49.440559 79.051437 2.132092
v 2.887056 88.484657 5.082485
v 38.431255 80.264946 4.488741
v 40.149261 80.196037 2.767682
v 38.428455 80.046638 4.208491
v 40.051659 79.982941 2.584612
v 41.232262 79.493439 1.555924
v 41.080662 79.302437 1.466413
v 41.232262 79.493439 1.555924
v 40.149261 80.078339 1.158512
v 41.080662 79.302437 1.466413
v 40.067760 79.839340 1.110142
v 39.216759 81.582039 0.195329
v 39.188862 81.264038 0.195876
v 41.081562 79.223137 -0.965810
v 40.067764 79.791634 -0.669066
v 41.232265 79.411339 -1.047626
v 40.149265 80.027946 -0.715948
v 39.188862 81.264038 0.195876
v 39.216759 81.582039 0.195329
v 38.429070 79.788437 -3.905849
v 40.053265 79.807945 -2.140948
v 38.431267 79.991341 -4.188199
v 40.149265 80.015434 -2.314827
v 41.081562 79.223137 -0.965810
v 41.232265 79.411339 -1.047626
v 41.070866 76.998238 -3.028587
v 40.051563 78.316437 -3.622738
v 41.232265 76.981239 -3.258066
v 40.149265 78.427437 -3.891128
v 38.429070 79.788437 -3.905849
v 38.431267 79.991341 -4.188199
v 38.431255 74.260544 4.214241
v 40.149258 75.780434 4.149982
v 38.432064 74.484047 3.950701
v 40.053661 75.914841 3.888752
v 41.232262 77.289536 3.676784
v 41.071461 77.289337 3.442483
v 38.431267 74.046143 -4.037419
v 40.149265 74.232948 -2.338578
v 38.428665 74.277946 -3.768379
v 40.052162 74.454544 -2.166988
v 41.232265 74.974640 -1.185236
v 41.081963 75.170738 -1.101676
v 40.364162 74.540947 -0.895536
v 40.310558 74.414345 -0.022131
v 40.378761 74.575447 0.795865
v 41.083260 75.233635 1.215073
v 41.232262 77.289536 3.676784
v 40.149258 78.763741 4.285913
v 41.071461 77.289337 3.442483
v 40.051159 78.630135 4.018852
v 38.431255 80.264946 4.488741
v 38.428455 80.046638 4.208491
v 41.083260 75.233635 1.215073
v 40.378761 74.575447 0.795865
v 41.232262 75.039040 1.290704
v 40.427959 74.313950 0.833457
v 39.282166 73.249641 -0.102219
v 39.356464 72.986954 -0.112939
v 41.232262 75.039040 1.290704
v 40.149261 74.349243 2.441892
v 41.083260 75.233635 1.215073
v 40.055462 74.569542 2.281972
v 38.431255 74.260544 4.214241
v 38.432064 74.484047 3.950701
v 38.428665 74.277946 -3.768379
v 40.051163 75.633942 -3.560478
v 38.431267 74.046143 -4.037419
v 40.149265 75.484734 -3.816747
v 41.070866 76.998238 -3.028587
v 41.232265 76.981239 -3.258066
v 40.055462 74.569542 2.281972
v 40.053761 75.139038 3.052862
v 41.053162 75.702637 2.273303
v 40.053661 75.914841 3.888752
v 3.420947 87.821297 -0.000187
v 40.149265 79.576538 -3.506998
v 38.431267 79.991341 -4.188199
v 40.051765 79.155434 -2.905148
v 38.429070 79.788437 -3.905849
v 40.149265 74.232948 -2.338578
v 40.149265 78.427437 -3.891128
v 40.067760 79.839340 1.110142
v 40.149265 80.027946 -0.715948
v 3.620086 92.535004 2.177216
v 40.427959 74.313950 0.833457
v 40.149261 80.196037 2.767682
v 47.092350 75.395348 2.506591
v 39.282166 73.249641 -0.102219
v 38.432064 74.484047 3.950701
v 40.052162 74.454544 -2.166988
v 40.053265 79.807945 -2.140948
v 52.734745 74.788048 4.162583
v 52.815239 74.509644 4.979324
v 51.214638 74.663048 4.824050
v 53.702541 74.958748 5.655798
v 53.513542 75.408447 4.441306
v 51.744946 75.843346 3.788980
v 51.931141 76.456047 4.438652
v 53.251045 75.974846 4.835835
v 53.309940 75.705048 5.590357
v 51.788837 76.076546 5.542073
v 51.481236 75.275246 5.563241
v 5.338197 99.525429 -1.964006
v 5.866987 99.569427 -1.964006
v 4.159327 94.012817 -0.526808
v -49.673668 79.206131 -0.402581
v -50.942867 78.460732 -0.548113
v -49.703667 79.261528 0.498343
v -50.931072 79.001129 0.505715
v -51.372864 78.462624 -0.434332
v 3.980467 93.146416 -0.034320
v 4.077657 92.663712 0.245974
v 4.676517 92.392113 -0.031706
v 5.273448 92.291718 -0.526814
v -5.942965 86.595093 0.114241
v -59.311077 78.329323 -0.084137
v -59.623871 77.820824 0.489165
v -59.631470 78.770622 0.487992
v -59.297768 78.329521 1.013942
v -58.817070 77.255219 0.862126
v -57.526272 77.085526 0.940291
v -57.504875 77.004929 0.488069
v -57.024075 77.044121 0.488068
v -57.003773 77.187119 -0.002338
v -54.413074 77.190926 -0.068976
v -54.491169 78.329323 -0.285891
v -54.010365 78.329323 -0.285892
v -49.510368 79.098328 1.342294
v -50.926468 78.461029 1.474486
v -4.276215 87.288284 0.673406
v -51.363262 78.904030 0.499629
v -51.359562 78.462929 1.364106
v -57.549366 78.329521 1.121981
v -57.045467 77.160522 0.940290
v -54.433369 77.047821 0.491370
v -53.932262 77.190926 -0.068977
v -54.454769 77.164322 1.008088
v -53.952564 77.047821 0.491369
v -50.847168 76.850227 -0.532180
v -51.294762 77.014030 -0.293356
v -50.871967 76.675026 0.510032
v -51.315067 76.870934 0.494016
v -50.898167 76.817528 1.471096
v -4.256526 90.690155 6.031202
v -4.361135 90.526741 5.639842
v -4.289805 90.527740 6.070781
v 4.361106 90.526756 5.639840
v 4.483066 90.225861 5.347650
v 4.465706 90.363358 5.248479
v -57.484573 77.104019 -0.002338
v -58.795670 77.174522 0.484261
v -4.333946 90.365143 6.044761
v -4.382226 90.227242 5.957091
v -4.427296 90.134842 5.821131
v -4.462286 90.102142 5.657561
v -4.481885 90.134148 5.491301
v -4.483096 90.225845 5.347651
v -4.465735 90.363342 5.248481
v -58.775471 77.273621 0.074489
v -4.432456 90.525742 5.208892
v -53.973965 77.164322 1.008088
v -54.477863 78.329521 1.215688
v -4.388316 90.688255 5.234912
v -4.340036 90.826248 5.322583
v -49.713169 76.230530 -0.454358
v -4.294966 90.918549 5.458553
v -49.695267 76.043327 1.335025
v -4.259976 90.951248 5.622113
v 4.481856 90.134056 5.491299
v 4.462266 90.102158 5.657559
v 4.427266 90.134857 5.821129
v 4.382196 90.227257 5.957089
v 4.333916 90.365158 6.044759
v 4.289776 90.527756 6.070779
v 4.256495 90.690170 6.031200
v 4.239136 90.827667 5.932031
v 4.240345 90.919365 5.788381
v 4.259945 90.951263 5.622111
v -58.523579 78.160034 1.945121
v -58.820374 77.626335 2.436601
v -58.817173 78.534836 2.432931
v -58.497978 78.072945 2.951001
v -58.067478 77.347633 2.768001
v -56.776680 77.293945 2.849760
v -56.723980 76.891136 2.434649
v -56.243176 76.891129 2.434647
v -56.271275 77.142532 2.003377
v 4.294936 90.918564 5.458551
v 4.340005 90.826263 5.322581
v -54.010574 77.146233 1.952631
v -54.033680 78.160042 1.744543
v -53.552883 78.160042 1.744542
v -4.045316 91.771851 5.584855
v -4.640816 89.272446 5.689188
v -4.499856 89.384033 6.378048
v -4.186275 91.660362 4.895995
v -4.171726 90.082230 7.329690
v -3.960237 90.969833 7.292633
v -3.929496 91.370842 6.883054
v -4.006446 90.526833 7.670861
v -4.514405 90.962166 3.944353
v -4.725895 90.074463 3.981411
v -4.756636 89.673454 4.390990
v -4.679675 90.517456 3.603182
v -4.239166 90.827652 5.932033
v -4.240376 90.919350 5.788383
v 4.432426 90.525757 5.208890
v 4.388286 90.688271 5.234910
v 3.929465 91.370857 6.883052
v 4.332466 89.679451 6.953658
v 4.499826 89.383957 6.378047
v 4.171696 90.082245 7.329689
v 3.960205 90.969849 7.292631
v -54.035172 77.297630 2.895581
v -56.268772 78.072937 3.079529
v -56.295872 77.293938 2.849758
v 4.006415 90.526848 7.670859
v 4.756606 89.673470 4.390988
v 4.353606 91.364983 4.320382
v 4.186246 91.660378 4.895993
v 4.514377 90.962181 3.944351
v 4.725866 90.074478 3.981409
v 4.679657 90.517471 3.603180
v -53.982475 76.894936 2.433120
v -53.529781 77.146248 1.952631
v -4.332496 89.679436 6.953660
v -3.956726 91.663544 6.282894
v -56.752083 77.142540 2.003380
v -58.014778 77.068535 2.437381
v -4.729395 89.380852 4.991149
v -4.353636 91.364967 4.320384
v 4.729366 89.380867 4.991147
v 4.640786 89.272461 5.689187
v -58.042980 77.242737 2.093890
v 4.045286 91.771866 5.584853
v 3.956705 91.663559 6.282892
v -4.642456 89.346741 5.686579
v -4.462286 90.102142 5.657561
v -4.696755 89.435242 5.225849
v -4.427296 90.134842 5.821131
v -4.545485 89.437340 6.139828
v -4.382226 90.227242 5.957091
v -53.638309 76.980705 -2.916268
v -55.517117 77.956017 -2.730536
v -55.493809 76.977020 -2.973116
v -4.420596 89.693237 6.516599
v -4.333946 90.365143 6.044761
v -4.286816 90.075539 6.759530
v -55.974617 76.977043 -2.973116
v -57.524517 77.956039 -2.818714
v -57.043617 76.953339 -3.029765
v -57.761913 77.196136 -3.412594
v -57.031418 76.649834 -3.400945
v -56.997517 76.877136 -3.728465
v -56.012817 76.866936 -3.776206
v -55.977013 77.815521 -3.970965
v -55.496212 77.815514 -3.970966
v -4.289805 90.527740 6.070781
v -4.164496 90.525940 6.831641
v -4.256526 90.690155 6.031202
v -4.072276 90.975952 6.721943
v -4.239166 90.827652 5.932033
v -4.024176 91.357048 6.447144
v -53.626114 76.542709 -3.399148
v -55.523708 76.538910 -3.399746
v -4.240376 90.919350 5.788383
v -4.027536 91.611153 6.049084
v -56.004616 76.538933 -3.399746
v -4.259976 90.951248 5.622113
v -4.081826 91.699654 5.588355
v -53.634308 76.870705 -3.800068
v -55.532009 76.866913 -3.776206
v -4.294966 90.918549 5.458553
v -4.178806 91.609055 5.135105
v -4.340036 90.826248 5.322583
v -4.303686 91.353157 4.758334
v -4.388316 90.688255 5.234912
v -4.437475 90.970863 4.515413
v -4.432456 90.525742 5.208892
v -57.412716 77.642334 -3.882784
v -4.559786 90.520454 4.443302
v -4.465735 90.363342 5.248481
v -53.598511 77.819214 -4.015058
v -4.652016 90.070450 4.553001
v -4.483096 90.225845 5.347651
v -4.700116 89.689354 4.827790
v -4.481885 90.134148 5.491301
v -57.810013 78.026535 -3.403914
v 4.696726 89.435257 5.225847
v 4.462266 90.102158 5.657559
v 4.642426 89.346756 5.686577
v 4.481856 90.134056 5.491299
v -55.997913 77.956024 -2.730536
v 4.700086 89.689369 4.827788
v -51.330879 78.435158 -0.646220
v 4.483066 90.225861 5.347650
v -50.757477 78.713242 -1.540664
v -51.195179 78.641258 -1.530223
v 4.651987 90.070465 4.552999
v 4.465706 90.363358 5.248479
v 4.559756 90.520470 4.443300
v -50.572170 78.118935 -2.382955
v -50.543571 76.708130 -2.403865
v -51.025784 76.870552 -2.112273
v 4.432426 90.525757 5.208890
v -50.738773 76.583542 -1.559704
v -51.179882 76.768761 -1.531273
v 4.437447 90.970879 4.515411
v 4.388286 90.688271 5.234910
v 4.303656 91.353172 4.758332
v 4.340005 90.826263 5.322581
v 4.178776 91.609070 5.135103
v 4.294936 90.918564 5.458551
v 4.081806 91.699669 5.588353
v 4.259945 90.951263 5.622111
v 4.027505 91.611168 6.049082
v 4.240345 90.919365 5.788381
v 4.024146 91.357063 6.447142
v 4.239136 90.827667 5.932031
v 4.072246 90.975967 6.721941
v 4.256495 90.690170 6.031200
v 4.164475 90.525955 6.831639
v -49.373772 75.833626 -2.401106
v 4.289776 90.527756 6.070779
v -50.391880 76.171852 -3.260884
v -50.922985 76.803772 -2.652133
v 4.286786 90.075554 6.759528
v 4.333916 90.365158 6.044759
v 4.420576 89.693253 6.516597
v -49.111572 76.410629 -4.006746
v -50.281784 76.573456 -3.937244
v 4.382196 90.227257 5.957089
v 4.545456 89.437355 6.139826
v 4.427266 90.134857 5.821129
v -49.120670 77.434532 -4.056616
v -50.237885 77.665855 -4.100824
v -53.702614 74.958801 5.655853
v -51.481316 75.275307 5.563296
v -51.788918 76.076607 5.542125
v -52.815311 74.509697 4.979381
v -51.214718 74.663109 4.824098
v -52.734818 74.788109 4.162640
v -49.272873 78.507935 -3.068526
v -50.380974 78.205345 -3.275114
v -53.513618 75.408501 4.441361
v -53.251118 75.974899 4.835889
v -53.310013 75.705101 5.590410
v -49.397171 78.657326 -2.241636
v -50.829983 78.159859 -3.402193
v -50.946278 78.089256 -2.452812
v -51.931217 76.456108 4.438694
v -51.745022 75.843407 3.789036
v -45.367268 75.831932 -0.139058
v -44.198166 76.011932 1.721970
v -45.435169 75.629929 1.398561
v -41.232273 76.981232 -3.258073
v -40.149273 75.484726 -3.816754
v -42.053673 75.168427 -2.199453
v -43.269272 78.556633 -1.897901
v -44.074272 78.350731 -1.595980
v -44.132568 78.869827 0.104873
v -41.083267 75.233627 1.215067
v -40.053764 75.139030 3.052856
v -40.055470 74.569527 2.281966
v -49.563770 79.024330 -1.293576
v -41.053169 75.702629 2.273296
v -41.232269 79.493431 1.555917
v -40.051666 79.982933 2.584606
v -41.080669 79.302429 1.466407
v -54.228588 77.047485 -1.973738
v -56.390285 77.043694 -1.929636
v -54.251884 78.022682 -2.178678
v -40.149269 80.196030 2.767676
v -40.304466 74.021233 -0.069946
v -41.232269 75.039032 1.290697
v -42.053669 74.918030 0.006096
v -40.427967 74.313934 0.833450
v -56.871090 77.043701 -1.929636
v -58.161884 77.174301 -1.864935
v -56.894386 78.022690 -2.115576
v -39.216766 81.582031 0.195322
v -40.067768 79.839333 1.110136
v -39.188869 81.264030 0.195869
v -58.946682 77.638397 -1.524964
v -58.642784 78.022697 -2.023004
v -58.948784 78.508003 -1.519724
v -58.641384 78.301796 -0.972954
v -56.893089 78.301788 -0.880383
v -56.814888 77.159698 -1.069546
v -40.149269 80.078331 1.158506
v -56.374287 76.941887 -1.524396
v -56.334091 77.159691 -1.069546
v -40.149265 74.725227 3.579576
v -42.053669 75.290031 2.437957
v -40.149269 74.349228 2.441886
v -41.232265 77.289528 3.676777
v -54.212585 76.945686 -1.527088
v -53.747787 77.047485 -1.973739
v -40.378769 74.575432 0.795858
v -41.232269 75.039032 1.290697
v -40.427967 74.313934 0.833450
v -41.083267 75.233627 1.215067
v -40.051773 79.155426 -2.905154
v -38.429073 79.788429 -3.905856
v -40.053272 79.807938 -2.140954
v -40.051571 78.316528 -3.622744
v -40.412666 74.277527 -0.949141
v -41.081970 75.170731 -1.101683
v -40.364166 74.540932 -0.895543
v -41.232273 74.974632 -1.185243
v -40.310566 74.414330 -0.022138
v -41.055367 75.087128 0.044679
v -40.378769 74.575432 0.795858
v -41.081970 75.170731 -1.101683
v -41.083267 75.233627 1.215067
v -40.149269 74.349228 2.441886
v -41.232269 75.039032 1.290697
v -40.055470 74.569527 2.281966
v -38.432068 74.484032 3.950694
v -40.149265 75.780426 4.149976
v -38.431263 74.260529 4.214234
v -40.053665 75.914833 3.888746
v -39.188869 81.264030 0.195869
v -40.149269 80.027939 -0.715954
v -39.216766 81.582031 0.195322
v -40.067768 79.791626 -0.669072
v -40.149273 79.576530 -3.507004
v -40.149273 80.015427 -2.314834
v -38.431271 79.991333 -4.188206
v -42.053673 78.826332 -2.284193
v -41.081566 79.223129 -0.965816
v -40.149273 80.015427 -2.314834
v -41.232273 79.411331 -1.047633
v -56.855091 76.941895 -1.524396
v -58.105782 77.254601 -1.133765
v -40.053272 79.807938 -2.140954
v -38.429073 79.788429 -3.905856
v -40.149273 78.427429 -3.891134
v -38.431271 79.991333 -4.188206
v -40.051571 78.316528 -3.622744
v -54.172485 77.163483 -1.025778
v -56.412186 78.301781 -0.880383
v -48.962769 75.858131 2.504184
v -49.832722 76.551003 3.049270
v -50.780270 76.509727 2.442076
v -41.070873 76.998230 -3.028594
v -40.149273 75.484726 -3.816754
v -41.232273 76.981232 -3.258073
v -58.145882 77.103699 -1.520435
v -40.051170 75.633934 -3.560484
v -45.093479 75.827553 2.866387
v -44.161369 77.088028 2.605520
v -44.941479 76.735649 3.710857
v -47.305866 75.635826 1.301262
v -47.326466 75.945633 -0.307133
v -47.213470 75.536934 -2.007798
v -47.024872 76.219032 -3.529408
v -47.025471 77.119827 -3.693048
v -47.055672 78.066231 -3.186428
v -45.167870 76.996529 -2.986449
v -45.195271 77.872932 -2.566159
v -44.049572 77.022331 -2.433861
v -43.269272 77.023727 -2.623511
v -42.053673 76.998428 -3.037873
v -40.149273 78.427429 -3.891134
v -43.269264 77.264526 3.040729
v -47.092396 75.395363 2.506616
v -43.269268 78.688934 2.281029
v -46.770992 75.418266 3.792936
v -42.053669 78.981628 2.592227
v -39.282169 73.249626 -0.102226
v -39.356468 72.986938 -0.112946
v -40.149269 80.405327 0.274631
v -41.232273 79.411331 -1.047633
v -42.053669 79.382332 0.179189
v -40.149269 80.027939 -0.715954
v -44.151268 78.429031 2.015970
v -43.269268 79.034431 0.160922
v -41.071465 77.289330 3.442476
v -40.149265 78.763733 4.285906
v -41.232265 77.289528 3.676777
v -40.051163 78.630127 4.018846
v -39.356468 72.986938 -0.112946
v -39.282169 73.249626 -0.102226
v -47.309269 79.100327 -0.223410
v -47.120770 78.732033 -1.885428
v -40.149273 74.543831 -3.379834
v -51.301376 76.969337 1.717418
v -38.431271 74.046127 -4.037426
v -51.324474 78.293335 1.575738
v -50.798370 78.734428 2.427756
v -38.431263 80.264938 4.488734
v -38.428463 80.046631 4.208484
v -45.193470 76.173828 -2.708869
v -44.094772 76.029633 -1.826330
v -45.245075 75.541626 -1.657499
v -44.144966 75.891426 0.054572
v -43.269268 75.524826 0.018389
v -43.269268 75.842331 2.113498
v -42.053665 77.289932 3.456577
v -40.149265 78.763733 4.285906
v -40.149265 79.808029 3.811096
v -38.431263 80.264938 4.488734
v -40.149269 80.196030 2.767676
v -45.266472 78.450829 -1.560499
v -45.343868 78.778427 -0.042854
v -47.352169 78.999428 1.299882
v -45.335766 78.600029 1.615721
v -47.635796 78.288460 3.617144
v -45.267483 78.172348 2.896507
v -41.232265 77.289528 3.676777
v -41.071465 77.289330 3.442476
v -38.431263 74.260529 4.214234
v -38.432068 74.484032 3.950694
v -41.232273 74.974632 -1.185243
v -40.052170 74.454529 -2.166994
v -41.081970 75.170731 -1.101683
v -40.149273 74.232933 -2.338584
v -38.431271 74.046127 -4.037426
v -38.428673 74.277931 -3.768385
v -41.232273 76.981232 -3.258073
v -41.070873 76.998230 -3.028594
v -38.431271 79.991333 -4.188206
v -49.167664 78.639626 3.111694
v -50.674667 78.354332 3.283266
v -41.052570 78.622231 -2.046674
v -41.070873 76.998230 -3.028594
v -41.041969 77.212631 0.216270
v -41.081566 79.223129 -0.965816
v -41.054768 79.403732 0.204369
v -40.067768 79.791626 -0.669072
v -40.067669 79.948029 0.262584
v -39.188869 81.264030 0.195869
v -40.067768 79.839333 1.110136
v -43.269272 75.698227 -1.881311
v -41.052372 75.589226 -1.971913
v -40.052170 74.454529 -2.166994
v -40.050770 74.981529 -2.802304
v -38.428673 74.277931 -3.768385
v -40.051170 75.633934 -3.560484
v -41.071465 77.289330 3.442476
v -41.051868 78.765327 2.414956
v -40.051163 78.630127 4.018846
v -40.050663 79.352333 3.248726
v -38.428463 80.046631 4.208484
v -40.051666 79.982933 2.584606
v -38.429073 79.788429 -3.905856
v -41.232273 79.411331 -1.047633
v -41.081566 79.223129 -0.965816
v -50.216721 76.115898 3.692632
v -41.080669 79.302429 1.466407
v -41.232269 79.493431 1.555917
v -38.428463 80.046631 4.208484
v -49.440567 79.051529 2.132084
v -38.431263 80.264938 4.488734
v -38.428673 74.277931 -3.768385
v -38.431271 74.046127 -4.037426
v -41.232273 74.974632 -1.185243
v -40.149273 74.232933 -2.338584
v -40.053665 75.914833 3.888746
v -38.432068 74.484032 3.950694
v -41.232269 79.493431 1.555917
v -40.149269 80.078331 1.158506
v -39.216766 81.582031 0.195322
v -40.412666 74.277527 -0.949141
v -39.356468 72.986938 -0.112946
v -40.364166 74.540932 -0.895543
v -39.282169 73.249626 -0.102226
v -40.149265 75.780426 4.149976
v -38.431263 74.260529 4.214234
v -41.080669 79.302429 1.466407
v -48.844212 75.827507 5.292502
v -46.870693 76.255768 4.752306
v -48.725819 75.205200 4.381662
v -49.551517 75.134605 4.601773
v -48.960621 75.468300 3.122262
v -49.810619 75.329308 3.598073
v -49.577621 77.670296 3.581618
v -50.693569 77.002937 3.022826
v -50.373020 76.667900 4.284271
v -49.211819 76.867409 5.177439
v -50.070415 76.358604 5.220241
v -49.671516 75.614021 5.519923
v -47.219494 77.246269 4.661285
v -45.145180 77.660545 3.587277
v -51.232975 78.668137 2.423908
v -51.218174 76.717941 2.431008
v -51.168270 77.120735 2.958648
v -51.141171 78.206238 3.250708
v -53.731785 76.945686 -1.527089
v -53.691685 77.163483 -1.025779
v -54.250587 78.301781 -0.817288
v -53.769787 78.301781 -0.817289
v -56.870388 78.507996 -1.523556
v -56.389587 78.507988 -1.523556
v -54.227886 78.507988 -1.526168
v -53.747089 78.507988 -1.526169
v -56.413586 78.022682 -2.115576
v -53.771091 78.022682 -2.178679
v -53.180805 77.956017 -2.629389
v -53.157505 76.980721 -2.887739
v -51.389126 76.138412 5.482034
v -50.935619 75.372910 5.493485
v -50.787815 74.778107 4.782217
v -51.346218 75.034897 3.683847
v -53.136311 78.026512 -3.402799
v -53.117710 77.819221 -4.015059
v -50.745182 77.775551 -4.086163
v -53.153511 76.870720 -3.800068
v -50.780991 76.693771 -3.838562
v -53.145210 76.542717 -3.399148
v -50.838890 76.365776 -3.398192
v -51.252777 76.986458 -0.787070
v -51.049084 78.156059 -2.265983
v -53.617115 78.026512 -3.402798
v -55.995613 78.026520 -3.403165
v -55.514812 78.026512 -3.403166
v -53.661610 77.956017 -2.657918
v -53.501682 76.894951 2.433121
v -56.775173 78.160034 1.816600
v -56.294376 78.160034 1.816599
v -53.554379 77.297646 2.895581
v -56.749577 78.072945 3.079530
v -54.008083 78.072945 3.151572
v -53.527279 78.072945 3.151572
v -56.738773 78.534828 2.429070
v -56.257977 78.534828 2.429070
v -53.997280 78.534836 2.426893
v -53.516483 78.534843 2.426892
v -57.068565 78.329521 1.121980
v -57.562672 78.329323 -0.192178
v -53.997066 78.329521 1.215687
v -57.081871 78.329323 -0.192179
v -51.336464 76.987328 1.227816
v -57.553074 78.770622 0.492535
v -57.072269 78.770622 0.492534
v -54.481564 78.770622 0.496473
v -54.000759 78.770622 0.496472
v 50.216633 76.115959 3.692577
v 50.372929 76.667854 4.284228
v 50.070328 76.358551 5.220188
v 51.389038 76.138351 5.481991
v 49.671429 75.613960 5.519868
v 50.787731 74.778053 4.782159
v 49.551430 75.134552 4.601717
v 49.810532 75.329262 3.598026
v 50.935532 75.372849 5.493430
v 51.346142 75.034843 3.683788
v 45.093452 75.827545 2.866378
v 44.941452 76.735641 3.710849
v 48.960529 75.468262 3.122205
v 46.770947 75.418251 3.792911
v 48.844128 75.827454 5.292446
v 46.870640 76.255745 4.752281
v 48.725727 75.205154 4.381605
v 47.219440 77.246246 4.661262
v 49.211727 76.867355 5.177387
v 50.693565 77.002937 3.022833
v 51.168262 77.120728 2.958653
v 51.141163 78.206230 3.250714
v 51.324467 78.293327 1.575744
v 51.232967 78.668129 2.423913
v 56.413574 78.022606 -2.115571
v 56.412273 78.301704 -0.880379
v 54.250568 78.301704 -0.817284
v 56.389576 78.507912 -1.523551
v 54.227871 78.507912 -1.526163
v 53.747074 78.507912 -1.526164
v 53.691666 77.163406 -1.025774
v 53.769768 78.301704 -0.817284
v 53.180759 77.956001 -2.629383
v 53.136265 78.026497 -3.402793
v 53.157459 76.980797 -2.887733
v 50.838863 76.365768 -3.398187
v 53.145164 76.542702 -3.399143
v 50.780964 76.693764 -3.838557
v 53.153465 76.870689 -3.800063
v 50.745167 77.775520 -4.086157
v 53.117664 77.819191 -4.015052
v 51.179867 76.768723 -1.531267
v 53.617069 78.026489 -3.402792
v 55.514763 78.026482 -3.403158
v 53.598465 77.819191 -4.015052
v 55.995564 78.026482 -3.403157
v 56.257973 78.534821 2.429069
v 54.008076 78.072929 3.151577
v 53.997272 78.534821 2.426897
v 53.554371 77.297623 2.895586
v 53.501671 76.894821 2.433126
v 53.527271 78.072929 3.151576
v 53.516472 78.534821 2.426896
v 53.552872 78.160019 1.744546
v 54.033672 78.160019 1.744547
v 53.529770 77.146225 1.952636
v 57.081825 78.329292 -0.192170
v 51.363239 78.904015 0.499637
v 54.000725 78.770592 0.496481
v 57.072224 78.770592 0.492543
v 54.481525 78.770592 0.496482
v 57.068523 78.329491 1.121989
v 54.477825 78.329491 1.215697
v 53.997028 78.329491 1.215696
v 53.973927 77.164291 1.008096
v 51.372845 78.462616 -0.434324
v 54.491131 78.329292 -0.285882
v 36.649536 -0.001086 -13.522276
v 32.477829 -0.001096 -16.850065
v 32.781128 -0.001096 -17.313562
v 36.136936 -0.001086 -13.068775
v 40.059151 -0.001071 -8.534645
v 36.136936 -0.001086 -13.068775
v 36.649536 -0.001086 -13.522276
v 39.476151 -0.001072 -8.263496
v 37.402046 11.621730 -6.952514
v 40.059151 -0.001071 -8.534645
v 24.443403 24.113384 -13.812283
v 15.702389 68.402252 -4.551199
v 14.873089 68.401558 -4.539439
v 14.671287 75.010780 -3.970889
v 15.563190 63.421459 -5.338120
v 16.929590 63.447353 -4.675889
v 11.636889 68.811684 -5.860449
v 11.761889 63.421474 -5.753299
v -3.016673 82.598198 -0.665079
v -3.432653 82.644096 1.119627
v -2.605093 83.337387 1.411624
v -26.830244 63.447384 -1.638299
v -30.482046 57.255981 0.853247
v -21.322208 57.173302 -2.503926
v -24.110220 57.173286 -0.979355
v -30.022142 57.255985 1.720678
v -26.899033 51.472008 1.954110
v -26.830221 57.173286 0.273634
v -27.358931 51.469006 0.844228
v 8.122283 45.193176 -11.608984
v 26.899044 51.472015 1.954095
v 27.358940 51.469013 0.844212
v 26.830227 63.447392 -1.638297
v 30.482050 57.256008 0.853242
v 26.830236 57.173306 0.273624
v 30.022146 57.256008 1.720673
v 24.110233 57.173306 -0.979366
v -11.297052 83.365417 -0.872227
v -10.748260 84.195930 7.803598
v -12.405960 84.719528 5.469997
v -10.382151 81.787315 5.187050
v -14.031492 89.666641 1.949868
v -15.257998 96.054543 -0.048855
v -13.759096 94.196732 -2.713359
v -15.759703 94.339554 3.313964
v -16.195707 97.570847 2.404150
v -2.066724 82.667587 2.615674
v -13.759096 94.196732 -2.713359
v -13.516195 94.383530 -2.692509
v -12.298835 92.539604 -5.014500
v -10.415460 84.451424 7.895828
v -12.405960 84.719528 5.469997
v -10.748260 84.195930 7.803598
v -12.019061 84.978226 5.556927
v -13.759096 94.196732 -2.713359
v -14.998100 96.223053 -0.104387
v -13.516195 94.383530 -2.692509
v -15.257998 96.054543 -0.048855
v -12.790860 85.072037 2.749716
v -12.387560 85.335526 2.828716
v -12.669860 85.236229 0.986469
v -12.387560 85.335526 2.828716
v -12.238359 85.486130 1.026655
v -12.790860 85.072037 2.749716
v -14.031492 89.666641 1.949868
v -12.238359 85.486130 1.026655
v -13.762793 89.855545 1.925198
v -12.669860 85.236229 0.986469
v -16.873716 98.829765 5.015749
v -16.907211 97.216370 5.487741
v -10.382151 81.787315 5.187050
v -8.906672 79.980606 4.204915
v -10.199150 82.080711 5.294530
v -9.328463 79.960709 4.158715
v -15.476402 94.516251 3.264214
v -15.759703 94.339554 3.313964
v -16.195707 97.570847 2.404150
v -15.923508 97.735344 2.335880
v -10.748260 84.195930 7.803598
v -10.199150 82.080711 5.294530
v -10.415460 84.451424 7.895828
v -10.382151 81.787315 5.187050
v -13.762793 89.855545 1.925198
v -14.031492 89.666641 1.949868
v -15.257998 96.054543 -0.048855
v -14.998100 96.223053 -0.104387
v -13.363790 88.558937 -0.829665
v -12.669860 85.236229 0.986469
v -2.856863 81.891899 2.762697
v -11.587051 83.359818 0.746772
v -12.790860 85.072037 2.749716
v -11.684851 82.985214 2.588640
v -10.518132 81.755409 2.505285
v -9.328463 79.960709 4.158715
v -1.245354 82.503891 3.053934
v -9.833965 91.540489 -7.140226
v -7.051905 90.765495 -8.437177
v 7.357797 90.765511 -8.437179
v -0.000014 90.116013 -9.636008
v 4.084786 90.500305 -8.859797
v 4.138856 90.384903 -9.226538
v -0.000014 90.208015 -9.259458
v 9.682997 91.721611 -6.877328
v 7.357797 90.765511 -8.437179
v 7.265236 90.921402 -8.101848
v 9.833937 91.540512 -7.140228
v 7.265236 90.921402 -8.101848
v 4.138856 90.384903 -9.226538
v 4.084786 90.500305 -8.859797
v 7.357797 90.765511 -8.437179
v -9.833965 91.540489 -7.140226
v -12.081036 92.737206 -4.891181
v -9.683025 91.721588 -6.877326
v -7.051905 90.765495 -8.437177
v -9.683025 91.721588 -6.877326
v -6.963194 90.921394 -8.101847
v -9.833965 91.540489 -7.140226
v -4.138884 90.384895 -9.226537
v -6.963194 90.921394 -8.101847
v -4.084814 90.500298 -8.859797
v -7.051905 90.765495 -8.437177
v -4.084814 90.500298 -8.859797
v -4.138884 90.384895 -9.226537
v 4.138856 90.384903 -9.226538
v 12.298788 92.539627 -5.014507
v 9.833937 91.540512 -7.140228
v -12.298835 92.539604 -5.014500
v -0.000014 90.116013 -9.636008
v -4.138884 90.384895 -9.226537
v 15.257898 96.054565 -0.048882
v 14.031395 89.666656 1.949833
v 13.758998 94.196770 -2.713378
v 10.833990 82.395599 0.212240
v 11.296993 83.365417 -0.872239
v 13.363694 88.558960 -0.829693
v 12.669792 85.236229 0.986453
v 11.586992 83.359818 0.746759
v 12.790792 85.072037 2.749700
v 11.684792 82.985222 2.588626
v 12.405892 84.719528 5.469980
v 10.382092 81.787323 5.187037
v 10.748191 84.195930 7.803580
v 14.997999 96.223076 -0.104415
v 13.758998 94.196770 -2.713378
v 13.516097 94.383568 -2.692528
v 15.257898 96.054565 -0.048882
v 13.516097 94.383568 -2.692528
v 12.298788 92.539627 -5.014507
v 12.080988 92.737228 -4.891187
v 13.758998 94.196770 -2.713378
v 12.238292 85.486130 1.026640
v 14.031395 89.666656 1.949833
v 13.762695 89.855560 1.925163
v 12.669792 85.236229 0.986453
v 8.906629 79.980598 4.204908
v 10.382092 81.787323 5.187037
v 10.199091 82.080719 5.294517
v 9.328419 79.960701 4.158709
v 10.199091 82.080719 5.294517
v 10.748191 84.195930 7.803580
v 10.415391 84.451431 7.895810
v 10.382092 81.787323 5.187037
v 12.387492 85.335526 2.828700
v 12.669792 85.236229 0.986453
v 12.238292 85.486130 1.026640
v 12.790792 85.072037 2.749700
v 12.018993 84.978226 5.556911
v 12.790792 85.072037 2.749700
v 12.387492 85.335526 2.828700
v 12.405892 84.719528 5.469980
v 10.415391 84.451431 7.895810
v 10.748191 84.195930 7.803580
v 10.518089 81.755402 2.505279
v 9.328419 79.960701 4.158709
v -13.006709 -0.001066 -25.371820
v -6.000039 -0.001107 -25.989529
v -13.006709 -0.001066 -25.371820
v -6.028059 -0.001107 -26.514429
v -12.821709 -0.001066 -24.867722
v -13.006709 -0.001066 -25.371820
v -6.028059 -0.001107 -26.514429
v -5.691071 11.621671 -22.667034
v -16.457710 57.207523 -6.088463
v -18.170994 45.193214 -8.956052
v -8.644560 63.421497 -6.553330
v -11.761935 63.421497 -6.216450
v -15.563261 63.421497 -5.338120
v -8.582080 68.854897 -6.850950
v -8.519592 75.476295 -5.683580
v -0.991894 83.434692 -0.821255
v 5.527209 68.898201 -7.157429
v -1.983774 83.442490 -0.071958
v 24.110216 63.447392 -2.476999
v 20.255890 63.447350 -3.773159
v 26.830227 68.081596 -2.920797
v 24.110207 68.081589 -3.258869
v 19.764889 68.081543 -3.679619
v 10.833990 82.395599 0.212240
v 13.591988 81.504784 0.194098
v 12.106886 80.161987 -2.706980
v 10.518089 81.755402 2.505279
v 12.046987 79.449783 3.550670
v 9.328419 79.960701 4.158709
v 8.644539 63.421494 -7.016479
v -4.888943 81.968300 -1.471950
v 11.511888 78.900185 -3.891609
v 8.519567 75.476288 -5.683579
v 11.511888 75.358879 -4.947400
v 8.582059 68.854889 -6.850949
v 24.110214 79.268379 -2.372100
v 26.830244 79.268364 -2.424590
v 19.180386 79.022583 -2.617419
v 16.727087 81.197083 0.153429
v 15.649787 79.170082 -2.862739
v 26.830246 75.345665 -2.904426
v 24.110214 77.250175 -2.991039
v 26.830244 77.283165 -3.576598
v 24.110216 75.459480 -2.912378
v 19.180386 77.040680 -3.236359
v 19.180387 74.835686 -3.441639
v 14.884187 77.154579 -3.481679
v 24.110207 68.081589 -3.258869
v 24.110216 75.459480 -2.912378
v 15.039785 79.252785 3.223111
v -19.180414 79.022598 -2.617421
v -15.649812 79.170097 -2.862741
v -19.180414 77.040695 -3.236361
v -14.884212 77.154594 -3.481681
v -19.180412 74.835701 -3.441641
v -14.671312 75.010796 -3.970891
v 15.923400 97.735359 2.335850
v 15.257898 96.054565 -0.048882
v 14.997999 96.223076 -0.104415
v 16.195601 97.570862 2.404121
v 17.159901 98.667755 5.091630
v -13.592014 81.504799 0.194096
v -12.047014 79.449799 3.550669
v 15.759598 94.339561 3.313932
v 16.195601 97.570862 2.404121
v 15.759598 94.339561 3.313932
v 13.762695 89.855560 1.925163
v 14.031395 89.666656 1.949833
v 15.476297 94.516258 3.264191
v -11.636910 68.811699 -5.860450
v -11.511912 75.358894 -4.947401
v -11.511912 78.900200 -3.891610
v -12.106913 80.162003 -2.706980
v -10.834033 82.395607 0.212246
v -10.518132 81.755409 2.505285
v -9.328463 79.960709 4.158715
v -14.873150 68.401596 -4.539440
v -15.702460 68.402298 -4.551200
v -16.929670 63.447399 -4.675891
v -19.764978 68.081604 -3.679621
v -20.255980 63.447399 -3.773161
v -4.953123 82.469696 1.119630
v 22.892061 -0.001055 -22.878378
v 17.703766 -0.001053 -23.630095
v 17.949366 -0.001052 -24.374393
v 22.750158 -0.001055 -22.194777
v -6.000039 -0.001107 -25.989529
v -27.836498 -0.001060 -20.544577
v -30.482109 77.336853 3.832150
v -30.482109 79.545555 3.223105
v -26.830271 77.386467 3.450569
v -26.830271 79.343071 2.909647
v -26.830271 77.386467 3.450569
v -30.482100 80.475250 0.153422
v -26.830271 80.118462 0.183302
v -30.482100 79.461143 -2.372113
v -26.830271 79.268356 -2.424593
v -30.482100 77.220146 -2.991050
v -26.830271 77.283157 -3.576600
v -26.830269 75.345657 -2.904428
v -22.750118 -0.001045 -22.194725
v -27.836498 -0.001060 -20.544577
v -22.892019 -0.001045 -22.878326
v -27.512497 -0.001061 -19.826677
v -22.750118 -0.001045 -22.194725
v 13.006745 -0.001077 -25.371885
v 6.000044 -0.001112 -25.989550
v 6.028064 -0.001113 -26.514450
v 12.821746 -0.001077 -24.867786
v 13.006745 -0.001077 -25.371885
v 10.962401 24.113398 -17.749687
v 9.505301 34.712399 -14.399487
v 3.806488 45.193150 -12.168764
v -4.650983 82.178299 2.860110
v -8.747744 82.003006 2.733969
v -6.941753 82.665100 1.119630
v 19.294500 57.173298 -4.028499
v -40.058998 -0.001081 -8.534573
v -40.058998 -0.001081 -8.534573
v -36.136879 -0.001080 -13.068882
v -36.136879 -0.001080 -13.068882
v -40.058998 -0.001081 -8.534573
v -36.649483 -0.001080 -13.522281
v -39.475994 -0.001082 -8.263424
v -36.649483 -0.001080 -13.522281
v 27.836538 -0.001081 -20.544569
v 22.750158 -0.001055 -22.194777
v 22.892061 -0.001055 -22.878378
v 27.512535 -0.001081 -19.826666
v -24.110241 79.268372 -2.372102
v -24.110241 77.250175 -2.991041
v -24.110239 75.459473 -2.912380
v -24.110306 68.081589 -3.258881
v -26.830250 68.081581 -2.920799
v -24.110233 63.447388 -2.477001
v -8.852643 82.632698 0.518417
v 30.482033 68.081596 -2.343505
v 30.482077 75.033058 -2.912373
v 30.482075 77.220161 -2.991047
v 11.325586 77.409584 3.314830
v 11.325586 75.472481 3.191420
v 14.274186 77.268883 3.832151
v 15.039785 79.252785 3.223111
v 12.046987 79.449783 3.550670
v 14.061186 75.156883 2.717921
v 11.325586 73.099884 2.300670
v 30.482088 75.182068 3.163687
v 30.482086 77.336868 3.832153
v 8.851809 72.350487 2.304570
v 8.851808 74.974594 3.170010
v 8.906629 79.980598 4.204908
v 8.747717 82.002991 2.733970
v 6.941727 82.665092 1.119630
v 9.328419 79.960701 4.158709
v 8.851808 77.265694 3.486810
v 3.016647 82.598198 -0.665078
v 9.987648 82.058502 2.620028
v 9.994848 82.746307 0.242106
v 8.852616 82.632690 0.518417
v 8.851808 74.974594 3.170010
v 8.851809 72.350487 2.304570
v 4.650957 82.178299 2.860110
v 4.953096 82.469696 1.119630
v 6.941727 82.665092 1.119630
v 8.851808 77.265694 3.486810
v 9.328419 79.960701 4.158709
v 3.432626 82.644096 1.119628
v 11.131092 83.713417 -0.854429
v 10.415391 84.451431 7.895810
v 12.018993 84.978226 5.556911
v 10.199091 82.080719 5.294517
v 12.238292 85.486130 1.026640
v 13.108795 88.767159 -0.808119
v 13.762695 89.855560 1.925163
v 12.080988 92.737228 -4.891187
v 13.516097 94.383568 -2.692528
v 14.997999 96.223076 -0.104415
v 11.397892 83.690819 0.798650
v 12.387492 85.335526 2.828700
v 11.479191 83.292519 2.681577
v 9.994848 82.746307 0.242106
v 9.987648 82.058502 2.620028
v 8.906629 79.980598 4.204908
v 9.682997 91.721611 -6.877328
v 7.265236 90.921402 -8.101848
v -4.084814 90.500298 -8.859797
v -6.963194 90.921394 -8.101847
v -0.000014 90.208015 -9.259458
v 4.084786 90.500305 -8.859797
v -9.683025 91.721588 -6.877326
v -12.081036 92.737206 -4.891181
v -11.451033 84.982605 -4.044857
v -11.325612 73.099899 2.300669
v -11.325612 75.472496 3.191419
v -14.274212 77.268898 3.832149
v -11.325612 77.409599 3.314829
v -26.830271 77.386467 3.450569
v -26.830271 75.477669 2.856861
v -15.039813 79.252800 3.223109
v -12.047014 79.449799 3.550669
v -9.328463 79.960709 4.158715
v -8.851832 77.265701 3.486809
v -8.906672 79.980606 4.204915
v -9.994892 82.746307 0.242112
v -9.328463 79.960709 4.158715
v -8.851832 77.265701 3.486809
v -8.851832 74.974602 3.170009
v -8.851831 72.350494 2.304569
v -9.987692 82.058502 2.620034
v -5.297083 80.496796 3.849770
v -8.851832 74.974602 3.170009
v -8.851831 72.350494 2.304569
v -11.131151 83.713417 -0.854417
v -13.762793 89.855545 1.925198
v -13.108891 88.767136 -0.808091
v -13.516195 94.383530 -2.692509
v -12.238359 85.486130 1.026655
v -11.397951 83.690819 0.798663
v -12.387560 85.335526 2.828716
v -11.479250 83.292519 2.681590
v -12.019061 84.978226 5.556927
v -10.199150 82.080711 5.294530
v -10.415460 84.451424 7.895828
v -16.613512 97.385666 5.422951
v -16.873716 98.829765 5.015749
v -18.052027 99.581192 8.482959
v -15.923508 97.735344 2.335880
v -15.476402 94.516251 3.264214
v -14.998100 96.223053 -0.104387
v -9.987692 82.058502 2.620034
v -8.906672 79.980606 4.204915
v 2.066696 82.667587 2.615674
v 2.605066 83.337387 1.411624
v 1.742956 83.785889 2.522727
v -1.742984 83.785889 2.522727
v 1.983746 83.442490 -0.071958
v 0.793421 84.471191 -0.463809
v 0.793348 82.386887 2.979794
v 1.245326 82.503891 3.053934
v 1.742956 83.785889 2.522727
v -1.316194 83.666290 2.699547
v 16.613401 97.385658 5.422919
v 18.051901 99.581161 8.482927
v 16.873600 98.829758 5.015719
v 15.923400 97.735359 2.335850
v 15.476297 94.516258 3.264191
v 0.991866 83.434692 -0.821256
v -0.000014 83.426788 -1.048796
v 1.316166 83.666290 2.699547
v 0.552670 83.608093 2.959337
v -1.092676 84.918999 2.773359
v -0.552698 83.608093 2.959337
v -0.000014 83.559090 3.067008
v -6.941753 82.665100 1.119630
v -6.913263 82.116196 2.957520
v -4.888943 81.968300 -1.471950
v -12.298835 92.539604 -5.014500
v 12.298788 92.539627 -5.014507
v 9.833937 91.540512 -7.140228
v 12.080988 92.737228 -4.891187
v 9.682997 91.721611 -6.877328
v -12.081036 92.737206 -4.891181
v -42.053719 76.057953 2.575074
v -38.234119 68.081535 1.522213
v -36.267918 75.478447 2.869375
v -36.267918 75.478447 2.869375
v -38.234119 68.081535 1.522213
v -33.066067 68.081566 2.106226
v -30.482061 63.447376 2.308534
v 29.935921 34.712433 -1.751450
v 24.830725 45.193218 1.730249
v 24.690821 45.193218 -0.319743
v 30.776424 34.712425 1.503613
v 34.726131 24.113438 -2.254455
v 35.429836 24.113457 1.633368
v -38.234119 68.081535 1.522213
v -35.855309 63.397247 1.598559
v -30.482061 63.447376 2.308534
v -17.848595 51.163223 -5.695522
v -14.054022 57.173309 -4.971930
v -16.544012 57.173321 -3.964363
v -20.094095 51.199715 -3.648464
v -20.085592 45.193222 -6.809505
v -22.604996 45.193214 -4.258974
v -24.830702 45.193218 1.730291
v -22.824608 51.215816 1.015659
v -24.875807 48.622513 1.468698
v -24.690800 45.193214 -0.319700
v -29.935894 34.712418 -1.751369
v -30.776400 34.712429 1.503690
v -34.726086 24.113430 -2.254370
v -35.429798 24.113438 1.633440
v -22.035498 51.236309 -1.624031
v -24.645796 45.193211 -2.048125
v -28.450989 34.712414 -3.602139
v -24.110212 75.591492 2.770939
v -26.830297 68.081581 2.670951
v -24.110306 68.081589 2.743509
v -23.946081 34.712421 -8.782871
v -20.085592 45.193222 -6.809505
v -26.902285 34.712418 -5.972677
v -27.330872 24.113417 -11.174703
v -30.880569 24.113411 -8.220789
v -38.941696 11.621741 -2.847188
v -38.988289 11.621751 1.566843
v 24.110186 75.591492 2.770941
v 19.180387 74.981781 3.163681
v 24.110205 68.081589 2.743511
v -41.520794 -0.001043 1.925204
v 14.061186 75.156883 2.717921
v 19.764889 68.081543 2.257441
v -41.263298 -0.001066 -3.398757
v -39.475994 -0.001082 -8.263424
v -37.167088 11.621725 -6.532443
v -17.703720 -0.001045 -23.630009
v -21.544502 11.621737 -18.957542
v -22.750118 -0.001045 -22.194725
v -16.794607 11.621733 -20.373421
v 15.175808 24.113417 -16.050896
v 13.516195 34.712421 -13.261092
v 10.751302 24.113398 -17.016388
v 17.703766 -0.001053 -23.630095
v 16.794640 11.621732 -20.373497
v 12.821746 -0.001077 -24.867786
v 12.003530 11.621704 -21.098886
v -0.000006 34.712357 -14.587954
v -0.000005 24.113358 -17.711050
v 4.500342 34.712368 -14.546366
v 5.170236 24.113369 -17.843363
v -0.000004 11.621659 -22.155939
v 5.611489 11.621672 -22.017656
v -0.000003 -0.001134 -26.284727
v 36.267899 75.478462 2.869379
v 38.234100 68.081558 1.522216
v 42.053699 76.057968 2.575078
v 17.848585 51.163193 -5.695514
v 17.744987 45.193192 -8.432743
v 20.085587 45.193188 -6.809496
v 26.830223 68.081596 2.670953
v 26.830244 75.477676 2.856864
v 26.902304 34.712399 -5.972681
v 22.605001 45.193195 -4.258975
v 23.946096 34.712379 -8.782853
v 38.988327 11.621752 1.566756
v 38.941845 11.621749 -2.847279
v 41.520847 -0.001037 1.925125
v 33.066044 68.081596 2.106228
v 30.482042 63.447395 2.308537
v 41.263355 -0.001053 -3.398859
v 30.802616 11.621685 -14.062372
v 36.136936 -0.001086 -13.068775
v 33.928429 11.621700 -10.606483
v 3.800248 45.193150 -11.563463
v -0.000007 45.193134 -11.617554
v 3.593728 51.163147 -8.765293
v 32.477829 -0.001096 -16.850065
v -10.666190 51.163193 -8.239744
v -9.848865 57.173294 -5.989499
v -13.262794 51.163197 -7.475349
v -0.000008 51.163132 -8.807823
v 3.343028 57.173279 -6.841976
v -11.501186 45.193199 -10.412669
v -14.859891 45.193203 -9.632215
v -13.516188 34.712410 -13.261061
v -17.661890 34.712414 -12.331172
v -0.000009 57.173264 -6.929387
v -7.846998 45.193184 -10.975164
v 3.188998 72.039597 2.135180
v -0.000012 72.039597 1.961880
v 3.188999 67.589005 0.174967
v 3.188999 67.589005 0.174967
v -0.000012 72.039597 1.961880
v -0.000011 67.589005 -0.341937
v -3.189021 67.589005 0.174967
v -3.189020 63.421497 -2.308500
v -6.378040 63.421497 -1.786890
v -3.343043 57.173275 -6.841973
v -19.728687 24.113420 -15.111463
v -15.175790 24.113417 -16.050846
v -17.744993 45.193214 -8.432742
v -21.153986 34.712421 -10.345090
v 3.189000 63.421497 -2.308500
v -0.000010 63.421497 -2.645750
v -30.802568 11.621712 -14.062406
v -33.928368 11.621710 -10.606487
v -3.189022 72.039597 2.135180
v -6.378041 67.589005 0.691872
v -32.477783 -0.001063 -16.850111
v -36.136879 -0.001080 -13.068882
v -23.946278 24.113420 -13.280890
v -26.215881 11.621724 -16.855286
v 26.216022 11.621700 -16.855274
v 27.512535 -0.001081 -19.826666
v 23.946302 24.113384 -13.280883
v 27.330904 24.113373 -11.174678
v 21.544535 11.621728 -18.957584
v 19.728706 24.113411 -15.111491
v 11.501185 45.193195 -10.412692
v 14.859887 45.193199 -9.632230
v 10.666186 51.163193 -8.239761
v 17.661898 34.712410 -12.331186
v 13.262786 51.163197 -7.475361
v 9.848857 57.173294 -5.989507
v 7.846993 45.193176 -10.975183
v 20.094095 51.199696 -3.648463
v 6.378019 63.421494 -1.786890
v 22.824623 51.215805 1.015642
v 9.132699 63.421494 -1.577640
v 14.054008 57.173298 -4.971933
v 12.289289 63.421474 -1.052229
v 16.543997 57.173290 -3.964348
v 7.089494 51.163174 -8.563482
v 19.007303 57.173298 -1.503427
v 15.444189 63.421459 -0.390457
v 15.809584 51.163193 -6.984793
v 9.370431 34.712399 -13.952385
v 21.153997 34.712383 -10.345083
v 6.378019 67.589005 0.691872
v 19.728706 24.113411 -15.111491
v 16.794640 11.621732 -20.373497
v 8.902489 67.784294 0.939659
v 22.750158 -0.001055 -22.194777
v 6.378018 72.039597 2.308480
v 8.851809 72.350487 2.304570
v -9.370426 34.712395 -13.952354
v -10.751287 24.113398 -17.016346
v -4.500347 34.712372 -14.546353
v -5.170246 24.113371 -17.843348
v -12.003504 11.621706 -21.098827
v -5.611490 11.621672 -22.017635
v -27.512497 -0.001061 -19.826677
v -9.132720 63.421497 -1.577640
v -12.289336 63.421497 -1.052231
v -6.378042 72.039597 2.308480
v -15.809594 51.163219 -6.984792
v -6.686070 57.173271 -6.586868
v -8.902512 67.784302 0.939659
v -8.851831 72.350494 2.304569
v -3.800259 45.193150 -11.563457
v -3.593741 51.163147 -8.765289
v -7.089502 51.163174 -8.563469
v 39.476151 -0.001072 -8.263496
v 37.167145 11.621729 -6.532504
v 35.855289 63.397270 1.598562
v 33.555920 24.113413 -5.075261
v 30.022146 57.256008 1.720673
v 30.482025 68.081596 2.398245
v 30.482088 75.182068 3.163687
v 30.880611 24.113386 -8.220792
v 28.451017 34.712421 -3.602195
v -12.821709 -0.001066 -24.867722
v -6.000039 -0.001107 -25.989529
v 6.000044 -0.001112 -25.989550
v 26.830242 63.447395 2.178224
v 24.110214 63.447392 2.323331
v 20.278290 63.447350 2.005471
v 15.576187 68.081573 1.771381
v 20.278290 63.447350 2.005471
v 19.764889 68.081543 2.257441
v 17.287090 63.447353 0.379089
v 15.576187 68.081573 1.771381
v -21.544502 11.621737 -18.957542
v -26.215881 11.621724 -16.855286
v -22.750118 -0.001045 -22.194725
v -33.555878 24.113419 -5.075202
v 14.263087 68.081573 1.705701
v 11.426990 67.979584 1.187450
v -30.482107 75.182053 3.163684
v -30.482048 68.081581 2.398242
v -26.830271 75.477669 2.856861
v -26.830259 63.447376 2.178222
v -24.110235 63.447392 2.323329
v -20.278379 63.447399 2.005469
v -21.322216 57.173309 1.113663
v -24.110229 57.173283 1.959425
v -26.830227 57.173283 1.999824
v -24.245619 54.322990 1.690825
v -20.186316 57.173313 0.500627
v -26.899033 51.472008 1.954110
v 11.325586 73.099884 2.300670
v 24.110241 57.173302 1.959418
v 26.830240 57.173306 1.999816
v 26.830240 57.173306 1.999816
v 26.830242 63.447395 2.178224
v 30.022146 57.256008 1.720673
v 26.899044 51.472015 1.954095
v 24.110241 57.173302 1.959418
v 24.245634 54.323009 1.690816
v 24.875826 48.622509 1.468667
v -19.007301 57.173309 -1.503435
v -15.444261 63.421497 -0.390459
v -30.022142 57.255985 1.720678
v -17.287170 63.447399 0.379087
v -14.263126 68.081596 1.705699
v -15.576226 68.081596 1.771379
v -19.764978 68.081604 2.257439
v -14.061212 75.156898 2.717919
v -19.180412 74.981796 3.163679
v -11.427012 67.979599 1.187449
v -11.325612 73.099899 2.300669
v -26.899033 51.472008 1.954110
v 24.645813 45.193211 -2.048153
v 22.035515 51.236301 -1.624048
v 20.186319 57.173306 0.500624
v 21.322220 57.173306 1.113660
v 6.686059 57.173271 -6.586874
v -26.830227 57.173283 1.999824
vt 0.603394 -0.859004
vt 0.634765 -0.839412
vt 0.634765 -0.859004
vt 0.633378 -0.563978
vt 0.658811 -0.563978
vt 0.642936 -0.495253
vt 0.774003 -0.892725
vt 0.739726 -0.859004
vt 0.737859 -0.890873
vt 0.714385 -0.859004
vt 0.701714 -0.839412
vt 0.679220 -0.700513
vt 0.647949 -0.762241
vt 0.643889 -0.762241
vt 0.686865 -0.700513
vt 0.707544 -0.637841
vt 0.717113 -0.637841
vt 0.726378 -0.839412
vt 0.597883 -0.787480
vt 0.588231 -0.812888
vt 0.599881 -0.812888
vt 0.617562 -0.787634
vt 0.612129 -0.762241
vt 0.635769 -0.762241
vt 0.646254 -0.787702
vt 0.667877 -0.790328
vt 0.628637 -0.787789
vt 0.641182 -0.762241
vt 0.671576 -0.700513
vt 0.667877 -0.890753
vt 0.682204 -0.859004
vt 0.667877 -0.859004
vt 0.641751 -0.700513
vt 0.656663 -0.700513
vt 0.665012 -0.637841
vt 0.681493 -0.637841
vt 0.732471 -0.563978
vt 0.741829 -0.563978
vt 0.631113 -0.888175
vt 0.756523 -0.495253
vt 0.594437 -0.888915
vt 0.746198 -0.495253
vt 0.730711 -0.495253
vt 0.723113 -0.563978
vt 0.614536 -0.495253
vt 0.607945 -0.563978
vt 0.599588 -0.637841
vt 0.588560 -0.700513
vt 0.577780 -0.637841
vt 0.586136 -0.495253
vt 0.582512 -0.563978
vt 0.511293 -0.700513
vt 0.511293 -0.637841
vt 0.541061 -0.700513
vt 0.544537 -0.637841
vt 0.511293 -0.563978
vt 0.546903 -0.563978
vt 0.511293 -0.495253
vt 0.599248 -0.762241
vt 0.682204 -0.890272
vt 0.684243 -0.563978
vt 0.715223 -0.495253
vt 0.703678 -0.563978
vt 0.535950 -0.762241
vt 0.511293 -0.762241
vt 0.533333 -0.787480
vt 0.699735 -0.495253
vt 0.569543 -0.787480
vt 0.569529 -0.812888
vt 0.576628 -0.787480
vt 0.511293 -0.787480
vt 0.531060 -0.812888
vt 0.573488 -0.762241
vt 0.586368 -0.762241
vt 0.606290 -0.700513
vt 0.511293 -0.812888
vt 0.560607 -0.762241
vt 0.530150 -0.875737
vt 0.511293 -0.875737
vt 0.530150 -0.856921
vt 0.511293 -0.856921
vt 0.530150 -0.839303
vt 0.549006 -0.839303
vt 0.621396 -0.637841
vt 0.624021 -0.700513
vt 0.511293 -0.839303
vt 0.549006 -0.856921
vt 0.643204 -0.637841
vt 0.671336 -0.495253
vt 0.564233 -0.839303
vt 0.579460 -0.839303
vt 0.555373 -0.787480
vt 0.611531 -0.812888
vt 0.599711 -0.839303
vt 0.590798 -0.787480
vt 0.570830 -0.700513
vt 0.563933 -0.857747
vt 0.549006 -0.875737
vt 0.563634 -0.877978
vt 0.550828 -0.812888
vt 0.697976 -0.637841
vt 0.701714 -0.821729
vt 0.701714 -0.859004
vt 0.701714 -0.889022
vt 0.548714 -0.495253
vt 0.682204 -0.839412
vt 0.667877 -0.839412
vt 0.613511 -0.839412
vt 0.595630 -0.859004
vt 0.578861 -0.858573
vt 0.637371 -0.812888
vt 0.667877 -0.812888
vt 0.682204 -0.812888
vt 0.667877 -0.805368
vt 0.630654 -0.812888
vt 0.682204 -0.796766
vt 0.578261 -0.880220
vt 0.612516 -0.018843
vt 0.527358 -0.022145
vt 0.612521 -0.010689
vt 0.525569 -0.010689
vt 0.527300 -0.019410
vt 0.610753 -0.020913
vt 0.526463 -0.021108
vt 0.612521 -0.024274
vt 0.610213 -0.010689
vt 0.526512 -0.020948
vt 0.610934 -0.023894
vt 0.525569 -0.019695
vt 0.526954 -0.010689
vt 0.525569 -0.023676
vt 0.611489 -0.010689
vt 0.525892 -0.010689
vt 0.525620 -0.027236
vt 0.612140 -0.018261
vt 0.034594 -0.764603
vt 0.004914 -0.753164
vt 0.004914 -0.773525
vt 0.538631 -0.944636
vt 0.530491 -0.944103
vt 0.537351 -0.955542
vt 0.543816 -0.951354
vt 0.541985 -0.948660
vt 0.159154 -0.541755
vt 0.175466 -0.535114
vt 0.157726 -0.535155
vt 0.187865 -0.522883
vt 0.191777 -0.528473
vt 0.158997 -0.528548
vt 0.162776 -0.522941
vt 0.168487 -0.519187
vt 0.175260 -0.517858
vt 0.182065 -0.519156
vt 0.193206 -0.535074
vt 0.191934 -0.541681
vt 0.188155 -0.547288
vt 0.182444 -0.551042
vt 0.175671 -0.552371
vt 0.163066 -0.547345
vt 0.168866 -0.551073
vt 0.038391 -0.055282
vt 0.038354 -0.035773
vt 0.032969 -0.036615
vt 0.043776 -0.054440
vt 0.025362 -0.042025
vt 0.025375 -0.048954
vt 0.028433 -0.052100
vt 0.022575 -0.045482
vt 0.051383 -0.049030
vt 0.051370 -0.042101
vt 0.048313 -0.038955
vt 0.054171 -0.045574
vt 0.028407 -0.038897
vt 0.048338 -0.052158
vt 0.033003 -0.054408
vt 0.043742 -0.036647
vt 0.046236 -0.410368
vt 0.046543 -0.436253
vt 0.063247 -0.413613
vt 0.039770 -0.437582
vt 0.029303 -0.413691
vt 0.034059 -0.441336
vt 0.015026 -0.423075
vt 0.030280 -0.446943
vt 0.005578 -0.437093
vt 0.029008 -0.453550
vt 0.002398 -0.453610
vt 0.030437 -0.460150
vt 0.005970 -0.470112
vt 0.034349 -0.465740
vt 0.015750 -0.484086
vt 0.040149 -0.469467
vt 0.030250 -0.493405
vt 0.046953 -0.470766
vt 0.047261 -0.496650
vt 0.053727 -0.469436
vt 0.064194 -0.493327
vt 0.059437 -0.465683
vt 0.078471 -0.483943
vt 0.063216 -0.460075
vt 0.087919 -0.469925
vt 0.064488 -0.453469
vt 0.091098 -0.453408
vt 0.063059 -0.446868
vt 0.087526 -0.436906
vt 0.059147 -0.441278
vt 0.077746 -0.422932
vt 0.053348 -0.437551
vt 0.611740 -0.021647
vt 0.526794 -0.020462
vt 0.611008 -0.019818
vt 0.526272 -0.017114
vt 0.611278 -0.017173
vt 0.612521 -0.022214
vt 0.528162 -0.021456
vt 0.612307 -0.010689
vt 0.612521 -0.023182
vt 0.519447 -0.930957
vt 0.536412 -0.935617
vt 0.542674 -0.967541
vt 0.034752 -0.085783
vt 0.032461 -0.086287
vt 0.033108 -0.085402
vt 0.013694 -0.089520
vt 0.010468 -0.086988
vt 0.013339 -0.090183
vt 0.011017 -0.086597
vt 0.016543 -0.090964
vt 0.016284 -0.091667
vt 0.019852 -0.091555
vt 0.019767 -0.092337
vt 0.511440 -0.908416
vt 0.511440 -0.897461
vt 0.535287 -0.914331
vt 0.539814 -0.911070
vt 0.554688 -0.920234
vt 0.511440 -0.916677
vt 0.538125 -0.934006
vt 0.023159 -0.090983
vt 0.023247 -0.091688
vt 0.511440 -0.933077
vt 0.031322 -0.084894
vt 0.032459 -0.085268
vt 0.007017 -0.086213
vt 0.008326 -0.085833
vt 0.004716 -0.085696
vt 0.008325 -0.084827
vt 0.006533 -0.085324
vt 0.007015 -0.085194
vt 0.008571 -0.085330
vt 0.026187 -0.090221
vt 0.026003 -0.089556
vt 0.028647 -0.086648
vt 0.576077 -0.952359
vt 0.592491 -0.968806
vt 0.605304 -0.948276
vt 0.028642 -0.084133
vt 0.026675 -0.083676
vt 0.024971 -0.081982
vt 0.028051 -0.085386
vt 0.031323 -0.085900
vt 0.029023 -0.087042
vt 0.571759 -0.919472
vt 0.561984 -0.922439
vt 0.547105 -0.965262
vt 0.552115 -0.956660
vt 0.581950 -0.959034
vt 0.011629 -0.085338
vt 0.550442 -0.950943
vt 0.578605 -0.953001
vt 0.013321 -0.081259
vt 0.011012 -0.084082
vt 0.013678 -0.081170
vt 0.010463 -0.084441
vt 0.029018 -0.084496
vt 0.025987 -0.081206
vt 0.026169 -0.081296
vt 0.023138 -0.079762
vt 0.023224 -0.079812
vt 0.511440 -0.927052
vt 0.019828 -0.079171
vt 0.019741 -0.079143
vt 0.016521 -0.079743
vt 0.016261 -0.079792
vt 0.525621 -0.985788
vt 0.539801 -0.986717
vt 0.539515 -0.971718
vt 0.545538 -0.984439
vt 0.547206 -0.971459
vt 0.031085 -0.085395
vt 0.017074 -0.080757
vt 0.014696 -0.081952
vt 0.022589 -0.080773
vt 0.019831 -0.080327
vt 0.528360 -0.984513
vt 0.517960 -0.970080
vt 0.517960 -0.978475
vt 0.511440 -0.976401
vt 0.511440 -0.967873
vt 0.545642 -0.993728
vt 0.012999 -0.083637
vt 0.511440 -0.969610
vt 0.525478 -0.970664
vt 0.527687 -0.979505
vt 0.511440 -0.984860
vt 0.013005 -0.087047
vt 0.014709 -0.088741
vt 0.017091 -0.089950
vt 0.019850 -0.090396
vt 0.022607 -0.089966
vt 0.024984 -0.088771
vt 0.026682 -0.087087
vt 0.554667 -0.891925
vt 0.522279 -0.916689
vt 0.554667 -0.917385
vt 0.522279 -0.941906
vt 0.546531 -0.943760
vt 0.606978 -0.885709
vt 0.575230 -0.872126
vt 0.574745 -0.881997
vt 0.539646 -0.871745
vt 0.539646 -0.860559
vt 0.563631 -0.862533
vt 0.606702 -0.874380
vt 0.585267 -0.864210
vt 0.607614 -0.867100
vt 0.638320 -0.889770
vt 0.539646 -0.879698
vt 0.522279 -0.891577
vt 0.554667 -0.866465
vt 0.587055 -0.866465
vt 0.522279 -0.963220
vt 0.522279 -0.954286
vt 0.522279 -0.948885
vt 0.587055 -0.918081
vt 0.591309 -0.913538
vt 0.548868 -0.904548
vt 0.605156 -0.897757
vt 0.553687 -0.882779
vt 0.605333 -0.956554
vt 0.631595 -0.972053
vt 0.511440 -0.879549
vt 0.522279 -0.866465
vt 0.587055 -0.892273
vt 0.071653 -0.092510
vt 0.069276 -0.097441
vt 0.068519 -0.097160
vt 0.072616 -0.092485
vt 0.992177 -0.750000
vt 0.973513 -0.836242
vt 0.973513 -0.750000
vt 0.911432 -0.836242
vt 0.911432 -0.750000
vt 0.849350 -0.836242
vt 0.849350 -0.750000
vt 0.072708 -0.087032
vt 0.073740 -0.086645
vt 0.071523 -0.081558
vt 0.072477 -0.080811
vt 0.791229 -0.750000
vt 0.791229 -0.836242
vt 0.728085 -0.836242
vt 0.728085 -0.750000
vt 0.665088 -0.918609
vt 0.068279 -0.076923
vt 0.069019 -0.075871
vt 0.063470 -0.073832
vt 0.651116 -0.911083
vt 0.063893 -0.072576
vt 0.617076 -0.905461
vt 0.057827 -0.072756
vt 0.577864 -0.902088
vt 0.057878 -0.071428
vt 0.539646 -0.900702
vt 0.052211 -0.073858
vt 0.051891 -0.072603
vt 0.047475 -0.076971
vt 0.046844 -0.075921
vt 0.044342 -0.081620
vt 0.043503 -0.080877
vt 0.043287 -0.087099
vt 0.672377 -0.921050
vt 0.042379 -0.086717
vt 0.044472 -0.092572
vt 0.631748 -0.881338
vt 0.043642 -0.092551
vt 0.651271 -0.893016
vt 0.047716 -0.097207
vt 0.047100 -0.097492
vt 0.052525 -0.100298
vt 0.052226 -0.100787
vt 0.058167 -0.101374
vt 0.058241 -0.101934
vt 0.063784 -0.100272
vt 0.064228 -0.100760
vt 0.049642 -0.095307
vt 0.053806 -0.096994
vt 0.053551 -0.097819
vt 0.050074 -0.094596
vt 0.047006 -0.091540
vt 0.047556 -0.090999
vt 0.046044 -0.087093
vt 0.046637 -0.086751
vt 0.046901 -0.082641
vt 0.047455 -0.082500
vt 0.049447 -0.078862
vt 0.049887 -0.078892
vt 0.053295 -0.076333
vt 0.053562 -0.076476
vt 0.057859 -0.075437
vt 0.057920 -0.075621
vt 0.062444 -0.076312
vt 0.062299 -0.076456
vt 0.066352 -0.078824
vt 0.066031 -0.078855
vt 0.068989 -0.082590
vt 0.068549 -0.082452
vt 0.069951 -0.087038
vt 0.069468 -0.086699
vt 0.069094 -0.091490
vt 0.068650 -0.090951
vt 0.066548 -0.095268
vt 0.066218 -0.094559
vt 0.062700 -0.097798
vt 0.062543 -0.096974
vt 0.058136 -0.098693
vt 0.058184 -0.097830
vt 0.597935 -0.923791
vt 0.571932 -0.967303
vt 0.633750 -0.926408
vt 0.815839 -0.750000
vt 0.815839 -0.836242
vt 0.911432 -0.681923
vt 0.911432 -0.694270
vt 0.973513 -0.685344
vt 0.973513 -0.694157
vt 0.992177 -0.694157
vt 0.973513 -0.705258
vt 0.992177 -0.705258
vt 0.973513 -0.709488
vt 0.992177 -0.709488
vt 0.973513 -0.705598
vt 0.992177 -0.705598
vt 0.973513 -0.694627
vt 0.992177 -0.694627
vt 0.849350 -0.710656
vt 0.911432 -0.707957
vt 0.849350 -0.718020
vt 0.911432 -0.713754
vt 0.849350 -0.711269
vt 0.911432 -0.708433
vt 0.849350 -0.695231
vt 0.911432 -0.694929
vt 0.914640 -0.628024
vt 0.943203 -0.628024
vt 0.973513 -0.680614
vt 0.973513 -0.685944
vt 0.891712 -0.594373
vt 0.849350 -0.594373
vt 0.992177 -0.680614
vt 0.992177 -0.694333
vt 0.791229 -0.709799
vt 0.728085 -0.718443
vt 0.791229 -0.715429
vt 0.728085 -0.708072
vt 0.855210 -0.003238
vt 0.804992 -0.003238
vt 0.836531 -0.121282
vt 0.789956 -0.121282
vt 0.812538 -0.248150
vt 0.841461 -0.248150
vt 0.871135 -0.121282
vt 0.947734 -0.003238
vt 0.952358 -0.003238
vt 0.919376 -0.121282
vt 0.925822 -0.121282
vt 0.943491 -0.003238
vt 0.918252 -0.121282
vt 0.875799 -0.248150
vt 0.892063 -0.248150
vt 0.883562 -0.248150
vt 0.902142 -0.121282
vt 0.846954 -0.355796
vt 0.823844 -0.355796
vt 0.757001 -0.461823
vt 0.784725 -0.461823
vt 0.791229 -0.510065
vt 0.794657 -0.480162
vt 0.837033 -0.355796
vt 0.778476 -0.461823
vt 0.738832 -0.548815
vt 0.013324 -0.087169
vt 0.868044 -0.248150
vt 0.823670 -0.355796
vt 0.767574 -0.461823
vt 0.014852 -0.088741
vt 0.522279 -0.121282
vt 0.575681 -0.248150
vt 0.522279 -0.248150
vt 0.017136 -0.089894
vt 0.569580 -0.355796
vt 0.522279 -0.355796
vt 0.580078 -0.121282
vt 0.019828 -0.090331
vt 0.560938 -0.461823
vt 0.522279 -0.461823
vt 0.553216 -0.549063
vt 0.022518 -0.089910
vt 0.522279 -0.549063
vt 0.024798 -0.088770
vt 0.551791 -0.594186
vt 0.522279 -0.594186
vt 0.026319 -0.087207
vt 0.578414 -0.594186
vt 0.027712 -0.085480
vt 0.026313 -0.083745
vt 0.024785 -0.082173
vt 0.022501 -0.081020
vt 0.019809 -0.080583
vt 0.017118 -0.081004
vt 0.602240 -0.597398
vt 0.603362 -0.588440
vt 0.575865 -0.584884
vt 0.605911 -0.720794
vt 0.608805 -0.705648
vt 0.578414 -0.718252
vt 0.014839 -0.082144
vt 0.013318 -0.083707
vt 0.011925 -0.085434
vt 0.694283 -0.121282
vt 0.704576 -0.003238
vt 0.645184 -0.121282
vt 0.637019 -0.461823
vt 0.662813 -0.355796
vt 0.674970 -0.461823
vt 0.681070 -0.248150
vt 0.706810 -0.355796
vt 0.728525 -0.248150
vt 0.754774 -0.003238
vt 0.743382 -0.121282
vt 0.300798 -0.516649
vt 0.285471 -0.516286
vt 0.287095 -0.360130
vt 0.035302 -0.150461
vt 0.130195 -0.171480
vt 0.035577 -0.139135
vt 0.026772 -0.137625
vt 0.026910 -0.131961
vt 0.018242 -0.124788
vt 0.157853 -0.260274
vt 0.169933 -0.225210
vt 0.143712 -0.248853
vt 0.461298 -0.513111
vt 0.471321 -0.511345
vt 0.448512 -0.381283
vt 0.169285 -0.046782
vt 0.172822 -0.058923
vt 0.100616 -0.034826
vt 0.183129 -0.068883
vt 0.203619 -0.052760
vt 0.135420 -0.107063
vt 0.140472 -0.105947
vt 0.138785 -0.104097
vt 0.096201 -0.037168
vt 0.099432 -0.040944
vt 0.096794 -0.034109
vt 0.486638 -0.010039
vt 0.450049 -0.012275
vt 0.436612 -0.111806
vt 0.154733 -0.458724
vt 0.169496 -0.467772
vt 0.207486 -0.338260
vt 0.255228 -0.338671
vt 0.234890 -0.347891
vt 0.238693 -0.355816
vt 0.060138 -0.340087
vt 0.056664 -0.332308
vt 0.043014 -0.332524
vt 0.849350 -0.678502
vt 0.402467 -0.223825
vt 0.437063 -0.266470
vt 0.404180 -0.260155
vt 0.849350 -0.628024
vt 0.381984 -0.223825
vt 0.356444 -0.223825
vt 0.345003 -0.172397
vt 0.279744 -0.364783
vt 0.273031 -0.343723
vt 0.262411 -0.348874
vt 0.732267 -0.461823
vt 0.743056 -0.355796
vt 0.779303 -0.355796
vt 0.191455 -0.336024
vt 0.194127 -0.315975
vt 0.180354 -0.306603
vt 0.770531 -0.248150
vt 0.153735 -0.199797
vt 0.148408 -0.219226
vt 0.143442 -0.201847
vt 0.265243 -0.335300
vt 0.187911 -0.297212
vt 0.058843 -0.300738
vt 0.049980 -0.317263
vt 0.053788 -0.284497
vt 0.522279 -0.003238
vt 0.053449 -0.325909
vt 0.583501 -0.003238
vt 0.157263 -0.473370
vt 0.149733 -0.470142
vt 0.159793 -0.488016
vt 0.139672 -0.452267
vt 0.063885 -0.319294
vt 0.161614 -0.275190
vt 0.070314 -0.332092
vt 0.306819 -0.111597
vt 0.333604 -0.029587
vt 0.321088 -0.031034
vt 0.331675 -0.111806
vt 0.324022 -0.172397
vt 0.755130 -0.461823
vt 0.718238 -0.548815
vt 0.077263 -0.347649
vt 0.161644 -0.290589
vt 0.177355 -0.036623
vt 0.177355 -0.042074
vt 0.157922 -0.039393
vt 0.209995 -0.048122
vt 0.164100 -0.166921
vt 0.142395 -0.146208
vt 0.164303 -0.130646
vt 0.139687 -0.160565
vt 0.278194 -0.341661
vt 0.265764 -0.330577
vt 0.445312 -0.515926
vt 0.422613 -0.382125
vt 0.410282 -0.382525
vt 0.152493 -0.179562
vt 0.160672 -0.198416
vt 0.277851 -0.517629
vt 0.235338 -0.091689
vt 0.232382 -0.091884
vt 0.229474 -0.088766
vt 0.235290 -0.095001
vt 0.300798 -0.366116
vt 0.300798 -0.320940
vt 0.289090 -0.320971
vt 0.358669 -0.237428
vt 0.388213 -0.253553
vt 0.183787 -0.118779
vt 0.186587 -0.118977
vt 0.183938 -0.121364
vt 0.189237 -0.116590
vt 0.299553 -0.111277
vt 0.314711 -0.172498
vt 0.304040 -0.171870
vt 0.485077 -0.648156
vt 0.482840 -0.648224
vt 0.633059 -0.605959
vt 0.629761 -0.604063
vt 0.183636 -0.116194
vt 0.179010 -0.115468
vt 0.181474 -0.118416
vt 0.158898 -0.110816
vt 0.259580 -0.107861
vt 0.289458 -0.031642
vt 0.266707 -0.030964
vt 0.279519 -0.109349
vt 0.400817 -0.172397
vt 0.372512 -0.172397
vt 0.365277 -0.111806
vt 0.167639 -0.030278
vt 0.153799 -0.009368
vt 0.162781 -0.029832
vt 0.526492 -0.683845
vt 0.546722 -0.683845
vt 0.526493 -0.686181
vt 0.546825 -0.686174
vt 0.157922 -0.009368
vt 0.106220 -0.072618
vt 0.110230 -0.076542
vt 0.105722 -0.075265
vt 0.111226 -0.071249
vt 0.732394 -0.745693
vt 0.720783 -0.721291
vt 0.730343 -0.738823
vt 0.398008 -0.018548
vt 0.145446 -0.125400
vt 0.127750 -0.009368
vt 0.091039 -0.021181
vt 0.127773 -0.025239
vt 0.791229 -0.695352
vt 0.728085 -0.693911
vt 0.675026 -0.709143
vt 0.692162 -0.723261
vt 0.090926 -0.009369
vt 0.092971 -0.033391
vt 0.582969 -0.683845
vt 0.582969 -0.687714
vt 0.562747 -0.683845
vt 0.465784 -0.111806
vt 0.462275 -0.172397
vt 0.155979 -0.216054
vt 0.278903 -0.170372
vt 0.296707 -0.171323
vt 0.318803 -0.221474
vt 0.303066 -0.220583
vt 0.324049 -0.238539
vt 0.404522 -0.264688
vt 0.255027 -0.030133
vt 0.249284 -0.107093
vt 0.181622 -0.261632
vt 0.183404 -0.285157
vt 0.192744 -0.291702
vt 0.132209 -0.236659
vt 0.389061 -0.261841
vt 0.360467 -0.246623
vt 0.361732 -0.254211
vt 0.145397 -0.183090
vt 0.815839 -0.715429
vt 0.815839 -0.709799
vt 0.815839 -0.695591
vt 0.215557 -0.295832
vt 0.200074 -0.309351
vt 0.311032 -0.031736
vt 0.164645 -0.477894
vt 0.170157 -0.481927
vt 0.142149 -0.101130
vt 0.145524 -0.104831
vt 0.196958 -0.073904
vt 0.100242 -0.053561
vt 0.005311 -0.009368
vt 0.005333 -0.010508
vt 0.003840 -0.009368
vt 0.049212 -0.019480
vt 0.395923 -0.111806
vt 0.436612 -0.172397
vt 0.180521 -0.475839
vt 0.218131 -0.345241
vt 0.234875 -0.308311
vt 0.244830 -0.315219
vt 0.048401 -0.308510
vt 0.389548 -0.383305
vt 0.363203 -0.261819
vt 0.344645 -0.223586
vt 0.437713 -0.517264
vt 0.478442 -0.648359
vt 0.474489 -0.647880
vt 0.633616 -0.248150
vt 0.425016 -0.519591
vt 0.581126 -0.549063
vt 0.604771 -0.461823
vt 0.618817 -0.355796
vt 0.235385 -0.088377
vt 0.551791 -0.634178
vt 0.522279 -0.634338
vt 0.551791 -0.683182
vt 0.578414 -0.682573
vt 0.578414 -0.704713
vt 0.549241 -0.582820
vt 0.563515 -0.594624
vt 0.519729 -0.580392
vt 0.519729 -0.594155
vt 0.562917 -0.606771
vt 0.602579 -0.611338
vt 0.551791 -0.716776
vt 0.551791 -0.704690
vt 0.522279 -0.704659
vt 0.522279 -0.715040
vt 0.522279 -0.683616
vt 0.578414 -0.633954
vt 0.178318 -0.291660
vt 0.035569 -0.223331
vt 0.232738 -0.506127
vt 0.464726 -0.380757
vt 0.641146 -0.616335
vt 0.519729 -0.603942
vt 0.102900 -0.406874
vt 0.647504 -0.549063
vt 0.614315 -0.549063
vt 0.481763 -0.652625
vt 0.186191 -0.480385
vt 0.101214 -0.073988
vt 0.102998 -0.070631
vt 0.104781 -0.067274
vt 0.353607 -0.381266
vt 0.413748 -0.520256
vt 0.404511 -0.519842
vt 0.374392 -0.382734
vt 0.266351 -0.316342
vt 0.172992 -0.484201
vt 0.471716 -0.648357
vt 0.266171 -0.169044
vt 0.459607 -0.223825
vt 0.656891 -0.642561
vt 0.615005 -0.635642
vt 0.036908 -0.126869
vt 0.038135 -0.116781
vt 0.137221 -0.102063
vt 0.683052 -0.654824
vt 0.657082 -0.620329
vt 0.436044 -0.223825
vt 0.566755 -0.631493
vt 0.519729 -0.629786
vt 0.141428 -0.026838
vt 0.141428 -0.035572
vt 0.141428 -0.009369
vt 0.227882 -0.009369
vt 0.222164 -0.039290
vt 0.228413 -0.035834
vt 0.214467 -0.038433
vt 0.209606 -0.009369
vt 0.209865 -0.035204
vt 0.027575 -0.125828
vt 0.250054 -0.334463
vt 0.562637 -0.687701
vt 0.049047 -0.012739
vt 0.091095 -0.027087
vt 0.149675 -0.009368
vt 0.157922 -0.029385
vt 0.139023 -0.097063
vt 0.120533 -0.089346
vt 0.028188 -0.120785
vt 0.802060 -0.355796
vt 0.703619 -0.461823
vt 0.689427 -0.549063
vt 0.293135 -0.531215
vt 0.300798 -0.531396
vt 0.289325 -0.531887
vt 0.300798 -0.546144
vt 0.328852 -0.222224
vt 0.209930 -0.041663
vt 0.219305 -0.054250
vt 0.894499 -0.003238
vt 0.305569 -0.613136
vt 0.313731 -0.594092
vt 0.313425 -0.619722
vt 0.321893 -0.613136
vt 0.330361 -0.606550
vt 0.330055 -0.632180
vt 0.338272 -0.613007
vt 0.346378 -0.619008
vt 0.346378 -0.594092
vt 0.354484 -0.613007
vt 0.362395 -0.606550
vt 0.362701 -0.632180
vt 0.370863 -0.613136
vt 0.379331 -0.619722
vt 0.379025 -0.594092
vt 0.387242 -0.613265
vt 0.395348 -0.607264
vt 0.395348 -0.632180
vt 0.403510 -0.613136
vt 0.362591 -0.594092
vt 0.362395 -0.581634
vt 0.354540 -0.575048
vt 0.362701 -0.556004
vt 0.346378 -0.632180
vt 0.346378 -0.645352
vt 0.338216 -0.651224
vt 0.297408 -0.632180
vt 0.313731 -0.632180
vt 0.379025 -0.632180
vt 0.346378 -0.670268
vt 0.354540 -0.651224
vt 0.395348 -0.594092
vt 0.411672 -0.594092
vt 0.370863 -0.575048
vt 0.330055 -0.594092
vt 0.408647 -0.834046
vt 0.408647 -0.889701
vt 0.419575 -0.834046
vt 0.419575 -0.889701
vt 0.430503 -0.834046
vt 0.430503 -0.889701
vt 0.441431 -0.834046
vt 0.441431 -0.889701
vt 0.452359 -0.834046
vt 0.452359 -0.889701
vt 0.463287 -0.834046
vt 0.463287 -0.889701
vt 0.474215 -0.834046
vt 0.474215 -0.889701
vt 0.485143 -0.834046
vt 0.485143 -0.889701
vt 0.496071 -0.834046
vt 0.496071 -0.889701
vt 0.004914 -0.724902
vt 0.034651 -0.740050
vt 0.004914 -0.733762
vt 0.037416 -0.783142
vt 0.004914 -0.805058
vt 0.041194 -0.809419
vt 0.004914 -0.834393
vt 0.036082 -0.850336
vt 0.004914 -0.853112
vt 0.034977 -0.897056
vt 0.004914 -0.898619
vt 0.004914 -0.993811
vt 0.033858 -0.992766
vt 0.072269 -0.870505
vt 0.060499 -0.985540
vt 0.120409 -0.982770
vt 0.034002 -0.722175
vt 0.031894 -0.707370
vt 0.004914 -0.721660
vt 0.004914 -0.704010
vt 0.034676 -0.686587
vt 0.004914 -0.686509
vt 0.038637 -0.653947
vt 0.004914 -0.653897
vt 0.004914 -0.617180
vt 0.041073 -0.618856
vt 0.064704 -0.657425
vt 0.066612 -0.622063
vt 0.109289 -0.673497
vt 0.117967 -0.641345
vt 0.149262 -0.687456
vt 0.169343 -0.669940
vt 0.196683 -0.707789
vt 0.128993 -0.835359
vt 0.191699 -0.981198
vt 0.179724 -0.839622
vt 0.242440 -0.979947
vt 0.233353 -0.825078
vt 0.284624 -0.978084
vt 0.270326 -0.814686
vt 0.328652 -0.978463
vt 0.318484 -0.847574
vt 0.375212 -0.975675
vt 0.370442 -0.852306
vt 0.035050 -0.725039
vt 0.058539 -0.726916
vt 0.063580 -0.742726
vt 0.069977 -0.759662
vt 0.075056 -0.788190
vt 0.075064 -0.820886
vt 0.132541 -0.732628
vt 0.124913 -0.695354
vt 0.065707 -0.581873
vt 0.039745 -0.579595
vt 0.004914 -0.578982
vt 0.040081 -0.537815
vt 0.103266 -0.730165
vt 0.103109 -0.741936
vt 0.103138 -0.753175
vt 0.115479 -0.790545
vt 0.213582 -0.613144
vt 0.191846 -0.643879
vt 0.123050 -0.607635
vt 0.240560 -0.691511
vt 0.211697 -0.751209
vt 0.169636 -0.719507
vt 0.172103 -0.744669
vt 0.132910 -0.734528
vt 0.178205 -0.797230
vt 0.162982 -0.768825
vt 0.101994 -0.727007
vt 0.099734 -0.717479
vt 0.058572 -0.723598
vt 0.056862 -0.710522
vt 0.100563 -0.703251
vt 0.059678 -0.691110
vt 0.281155 -0.673079
vt 0.294832 -0.746912
vt 0.250690 -0.753829
vt 0.228797 -0.786506
vt 0.347740 -0.761012
vt 0.066807 -0.543153
vt 0.135355 -0.571407
vt 0.004914 -0.535399
vt 0.465575 -0.990094
vt 0.463824 -0.980453
vt 0.447881 -0.990860
vt 0.447881 -0.981910
vt 0.447881 -0.975553
vt 0.437666 -0.982499
vt 0.427451 -0.974593
vt 0.427451 -0.983042
vt 0.427451 -0.991909
vt 0.436587 -0.991386
vt 0.489779 -0.985455
vt 0.480862 -0.977671
vt 0.477518 -0.973129
vt 0.477613 -0.952272
vt 0.455188 -0.937528
vt 0.481116 -0.950669
vt 0.455188 -0.930208
vt 0.465278 -0.921065
vt 0.545786 -0.958314
vt 0.545609 -0.968371
vt 0.548604 -0.968371
vt 0.549673 -0.957787
vt 0.551951 -0.966826
vt 0.547701 -0.954325
vt 0.552477 -0.965725
vt 0.551847 -0.965494
vt 0.555569 -0.987009
vt 0.554899 -0.987022
vt 0.545609 -0.985880
vt 0.548604 -0.985942
vt 0.552157 -0.986475
vt 0.551216 -0.964602
vt 0.490352 -0.942869
vt 0.427451 -0.931938
vt 0.541562 -0.948276
vt 0.546447 -0.953760
vt 0.545412 -0.953659
vt 0.535025 -0.985817
vt 0.449238 -0.916403
vt 0.437070 -0.914231
vt 0.427451 -0.924480
vt 0.526093 -0.939905
vt 0.522351 -0.941142
vt 0.532064 -0.943371
vt 0.531277 -0.943737
vt 0.522351 -0.943570
vt 0.522351 -0.985771
vt 0.535025 -0.968371
vt 0.522351 -0.968371
vt 0.527891 -0.940095
vt 0.533735 -0.942904
vt 0.528593 -0.938998
vt 0.533804 -0.942944
vt 0.539531 -0.948364
vt 0.522351 -0.938714
vt 0.522351 -0.938889
vt 0.522351 -0.954953
vt 0.553879 -0.975937
vt 0.525472 -0.937968
vt 0.554229 -0.987035
vt 0.427451 -0.913747
vt 0.522351 -0.937723
vt 0.892220 -0.908097
vt 0.904200 -0.906965
vt 0.904462 -0.922122
vt 0.908929 -0.910439
vt 0.909143 -0.921889
vt 0.942085 -0.921851
vt 0.941871 -0.913702
vt 0.969454 -0.921803
vt 0.969240 -0.914671
vt 0.974533 -0.921803
vt 0.974319 -0.914671
vt 0.988170 -0.921747
vt 0.987956 -0.915788
vt 0.996919 -0.921819
vt 0.993615 -0.913481
vt 0.996999 -0.921802
vt 0.975043 -0.921868
vt 0.975004 -0.931022
vt 0.942311 -0.929365
vt 0.937006 -0.921851
vt 0.892031 -0.934120
vt 0.904739 -0.936099
vt 0.909369 -0.932561
vt 0.909613 -0.934543
vt 0.936792 -0.913702
vt 0.937617 -0.910547
vt 0.127784 -0.033174
vt 0.969680 -0.928379
vt 0.974759 -0.928379
vt 0.988396 -0.927243
vt 0.048964 -0.009368
vt 0.891803 -0.908850
vt 0.892119 -0.921952
vt 0.905211 -0.906734
vt 0.905086 -0.922059
vt 0.890077 -0.934226
vt 0.993474 -0.929450
vt 0.177355 -0.033897
vt 0.177355 -0.031172
vt 0.177355 -0.009369
vt 0.975145 -0.911910
vt 0.905038 -0.936148
vt 0.937619 -0.943102
vt 0.961204 -0.950112
vt 0.937322 -0.950089
vt 0.961761 -0.956148
vt 0.966841 -0.956148
vt 0.985025 -0.957621
vt 0.966554 -0.959490
vt 0.988431 -0.950140
vt 0.988397 -0.950086
vt 0.985296 -0.942992
vt 0.980218 -0.945156
vt 0.966825 -0.941123
vt 0.966581 -0.943840
vt 0.961502 -0.943840
vt 0.961746 -0.941123
vt 0.361234 -0.022758
vt 0.937879 -0.956815
vt 0.961475 -0.959490
vt 0.966440 -0.950030
vt 0.966284 -0.950112
vt 0.979920 -0.950151
vt 0.282976 -0.218801
vt 0.980477 -0.954959
vt 0.933644 -0.859441
vt 0.953604 -0.865263
vt 0.933557 -0.865271
vt 0.953288 -0.871467
vt 0.958368 -0.871467
vt 0.974741 -0.873713
vt 0.958614 -0.874995
vt 0.977248 -0.865076
vt 0.977757 -0.865202
vt 0.973560 -0.856545
vt 0.969173 -0.860482
vt 0.958392 -0.855263
vt 0.958771 -0.859788
vt 0.953691 -0.859788
vt 0.953313 -0.855263
vt 0.933686 -0.872294
vt 0.953534 -0.874995
vt 0.933932 -0.876051
vt 0.958684 -0.865263
vt 0.969531 -0.865245
vt 0.969660 -0.870643
vt 0.900993 -0.879746
vt 0.888635 -0.879786
vt 0.899390 -0.867282
vt 0.885865 -0.856435
vt 0.459683 -0.266365
vt 0.885961 -0.855710
vt 0.898227 -0.857446
vt 0.887568 -0.870080
vt 0.897763 -0.853374
vt 0.888882 -0.882105
vt 0.899275 -0.867075
vt 0.890642 -0.895893
vt 0.901295 -0.880050
vt 0.903253 -0.892299
vt 0.905247 -0.879034
vt 0.904018 -0.865227
vt 0.903055 -0.892022
vt 0.908485 -0.903259
vt 0.909310 -0.905307
vt 0.905001 -0.876135
vt 0.907877 -0.892451
vt 0.906333 -0.881751
vt 0.906087 -0.883986
vt 0.967838 -0.886642
vt 0.981306 -0.892593
vt 0.967669 -0.892536
vt 0.980881 -0.898217
vt 0.989765 -0.892527
vt 0.986540 -0.900555
vt 0.989788 -0.892604
vt 0.968070 -0.901901
vt 0.967831 -0.892548
vt 0.939329 -0.899787
vt 0.934674 -0.892497
vt 0.939753 -0.892497
vt 0.934843 -0.886001
vt 0.939922 -0.886001
vt 0.935089 -0.883021
vt 0.940168 -0.883021
vt 0.986554 -0.885284
vt 0.962758 -0.886642
vt 0.962590 -0.892536
vt 0.967245 -0.899150
vt 0.962165 -0.899150
vt 0.968084 -0.883938
vt 0.981474 -0.887583
vt 0.833570 -0.960985
vt 0.807683 -0.965378
vt 0.833958 -0.939747
vt 0.807683 -0.945441
vt 0.785012 -0.970780
vt 0.785012 -0.950160
vt 0.775071 -0.973983
vt 0.761963 -0.966762
vt 0.761963 -0.979227
vt 0.741171 -0.981739
vt 0.761963 -0.849682
vt 0.775071 -0.853774
vt 0.785012 -0.882719
vt 0.785012 -0.856331
vt 0.785012 -0.881486
vt 0.807683 -0.885382
vt 0.807683 -0.919509
vt 0.833266 -0.917599
vt 0.833463 -0.944023
vt 0.846062 -0.914082
vt 0.845976 -0.938202
vt 0.867279 -0.933609
vt 0.870274 -0.967309
vt 0.886457 -0.959958
vt 0.890788 -0.966792
vt 0.902378 -0.962453
vt 0.866825 -0.911456
vt 0.845245 -0.892011
vt 0.864834 -0.887285
vt 0.844493 -0.877386
vt 0.864146 -0.868365
vt 0.844203 -0.871273
vt 0.863827 -0.860998
vt 0.844473 -0.875310
vt 0.863820 -0.863377
vt 0.845018 -0.890600
vt 0.865812 -0.885506
vt 0.846309 -0.912683
vt 0.867007 -0.910238
vt 0.847027 -0.935044
vt 0.866789 -0.933629
vt 0.908999 -0.939681
vt 0.908119 -0.950059
vt 0.903494 -0.950220
vt 0.832650 -0.891495
vt 0.807683 -0.861066
vt 0.832389 -0.865760
vt 0.807683 -0.887345
vt 0.832867 -0.888145
vt 0.807683 -0.914972
vt 0.833396 -0.915499
vt 0.884293 -0.951123
vt 0.893483 -0.959050
vt 0.761963 -0.952137
vt 0.775071 -0.933475
vt 0.785012 -0.914794
vt 0.761963 -0.913688
vt 0.761963 -0.903354
vt 0.741171 -0.912690
vt 0.989617 -0.456300
vt 0.975512 -0.456794
vt 0.986711 -0.437753
vt 0.942421 -0.437903
vt 0.955767 -0.464031
vt 0.941944 -0.465266
vt 0.941759 -0.477427
vt 0.930807 -0.476414
vt 0.941466 -0.496717
vt 0.807683 -0.947878
vt 0.843963 -0.966874
vt 0.845255 -0.956828
vt 0.941881 -0.412301
vt 0.923806 -0.413732
vt 0.909293 -0.418932
vt 0.894995 -0.437107
vt 0.898399 -0.409297
vt 0.889630 -0.420445
vt 0.881119 -0.394015
vt 0.924087 -0.463614
vt 0.906517 -0.456035
vt 0.889977 -0.454310
vt 0.775071 -0.897468
vt 0.761963 -0.865553
vt 0.741171 -0.850067
vt 0.761963 -0.879437
vt 0.775071 -0.899469
vt 0.785012 -0.919774
vt 0.761963 -0.921162
vt 0.761963 -0.931564
vt 0.741171 -0.922414
vt 0.785012 -0.952403
vt 0.775071 -0.937332
vt 0.761963 -0.970129
vt 0.761963 -0.980921
vt 0.741171 -0.986119
vt 0.970638 -0.472417
vt 0.982748 -0.467978
vt 0.994226 -0.485718
vt 0.941341 -0.378524
vt 0.930586 -0.400118
vt 0.903685 -0.950011
vt 0.889341 -0.945711
vt 0.950237 -0.476670
vt 0.882017 -0.481599
vt 0.907820 -0.470568
vt 0.990501 -0.386739
vt 0.988177 -0.418028
vt 0.907300 -0.406108
vt 0.941672 -0.399240
vt 0.950229 -0.399768
vt 0.955832 -0.413162
vt 0.969238 -0.402945
vt 0.979441 -0.405848
vt 0.972468 -0.417894
vt 0.761963 -0.863703
vt 0.741171 -0.847661
vt 0.897044 -0.465920
vt 0.761963 -0.879140
vt 0.761963 -0.848752
vt 0.761963 -0.908341
vt 0.761963 -0.925438
vt 0.761963 -0.956197
vt 0.864533 -0.951158
vt 0.924141 -0.975241
vt 0.924991 -0.987119
vt 0.908082 -0.984861
vt 0.934366 -0.996957
vt 0.932368 -0.979295
vt 0.913685 -0.969808
vt 0.915651 -0.979256
vt 0.929595 -0.985033
vt 0.930217 -0.996006
vt 0.914149 -0.995303
vt 0.910899 -0.995611
vt 0.909754 -0.908388
vt 0.942697 -0.910547
vt 0.909652 -0.921971
vt 0.937232 -0.929365
vt 0.942556 -0.932384
vt 0.937863 -0.940075
vt 0.932784 -0.940075
vt 0.932540 -0.943102
vt 0.933265 -0.854621
vt 0.907715 -0.892436
vt 0.962990 -0.901901
vt 0.843417 -0.956390
vt 0.841811 -0.968671
vt 0.861138 -0.969865
vt 0.909243 -0.937621
vt 0.897540 -0.968406
vt 0.883040 -0.991673
vt 0.862191 -0.983817
vt 0.881789 -0.978427
vt 0.890512 -0.981628
vt 0.884269 -0.960112
vt 0.893249 -0.967031
vt 0.902578 -0.958665
vt 0.899191 -0.977011
vt 0.886923 -0.990000
vt 0.895993 -0.990622
vt 0.891779 -0.994980
vt 0.865877 -0.982493
vt 0.908276 -0.949955
vt 0.907592 -0.957732
vt 0.907306 -0.961979
vt 0.934250 -0.899787
vt 0.940154 -0.902819
vt 0.935075 -0.902819
vt 0.962752 -0.892548
vt 0.939915 -0.892510
vt 0.934836 -0.892510
vt 0.963005 -0.883938
vt 0.928853 -0.876466
vt 0.928607 -0.872709
vt 0.909925 -0.994430
vt 0.905134 -0.994596
vt 0.903573 -0.984252
vt 0.909471 -0.968279
vt 0.928383 -0.865218
vt 0.928186 -0.854621
vt 0.903122 -0.853587
vt 0.928565 -0.859441
vt 0.903501 -0.858881
vt 0.928477 -0.865271
vt 0.904113 -0.865286
vt 0.933462 -0.865218
vt 0.958589 -0.865213
vt 0.953510 -0.865213
vt 0.932243 -0.950089
vt 0.932799 -0.956815
vt 0.937593 -0.960538
vt 0.932513 -0.960538
vt 0.961361 -0.950030
vt 0.937478 -0.949999
vt 0.932399 -0.949999
vt 0.969924 -0.931022
vt 0.937476 -0.932384
vt 0.970065 -0.911910
vt 0.969963 -0.921868
vt 0.942595 -0.921925
vt 0.937515 -0.921925
vt 0.929127 -0.003238
vt 0.681756 -0.630353
vt 0.673333 -0.630348
vt 0.671283 -0.678340
vt 0.680342 -0.594186
vt 0.694220 -0.594373
vt 0.640466 -0.633326
vt 0.641735 -0.594186
vt 0.564811 -0.934935
vt 0.572171 -0.935748
vt 0.553927 -0.950926
vt 0.815839 -0.594373
vt 0.849350 -0.564001
vt 0.791229 -0.548815
vt 0.815839 -0.521123
vt 0.815839 -0.548815
vt 0.815839 -0.534969
vt 0.640551 -0.607957
vt 0.681071 -0.626656
vt 0.677182 -0.625833
vt 0.653977 -0.605478
vt 0.700142 -0.677908
vt 0.726698 -0.726609
vt 0.716092 -0.707517
vt 0.713042 -0.705022
vt 0.728976 -0.734242
vt 0.544894 -0.937947
vt 0.582969 -0.689591
vt 0.582449 -0.683845
vt 0.526492 -0.689561
vt 0.560101 -0.692293
vt 0.582507 -0.692289
vt 0.560479 -0.683845
vt 0.526492 -0.690361
vt 0.582023 -0.683845
vt 0.526724 -0.683845
vt 0.582969 -0.690291
vt 0.526492 -0.692299
vt 0.526744 -0.683845
vt 0.527216 -0.695151
vt 0.582334 -0.695154
vt 0.526492 -0.687198
vt 0.582008 -0.683845
vt 0.582969 -0.687063
vt 0.526531 -0.688594
vt 0.582916 -0.683845
vt 0.582969 -0.688591
vt 0.560208 -0.683845
vt 0.560379 -0.686170
vt 0.549082 -0.687698
vt 0.549265 -0.683845
vt 0.526751 -0.690177
vt 0.582662 -0.683845
vt 0.582969 -0.690173
vt 0.582686 -0.683845
vt 0.582969 -0.686162
vt 0.526492 -0.687694
vt 0.526796 -0.683845
vt 0.694814 -0.666366
vt 0.664521 -0.622713
vt 0.643730 -0.609068
vt 0.671349 -0.624598
vt 0.647313 -0.607918
vt 0.632878 -0.597561
vt 0.616953 -0.576613
vt 0.667652 -0.672909
vt 0.625732 -0.662417
vt 0.526492 -0.740323
vt 0.582969 -0.740323
vt 0.582043 -0.683845
vt 0.526492 -0.688680
vt 0.526935 -0.683845
vt 0.582969 -0.688610
vt 0.582390 -0.683845
vt 0.526492 -0.687757
vt 0.526492 -0.689495
vt 0.581218 -0.683845
vt 0.526655 -0.683845
vt 0.569608 -0.656395
vt 0.698965 -0.686688
vt 0.519729 -0.652002
vt 0.527325 -0.683845
vt 0.654378 -0.003238
vt 0.610075 -0.594186
vt 0.609440 -0.633640
vt 0.608805 -0.681721
vt 0.528988 -0.949735
vt 0.546537 -0.949873
vt 0.791229 -0.594373
vt 0.734356 -0.594373
vt 0.815839 -0.628024
vt 0.791229 -0.628024
vt 0.734356 -0.628024
vt 0.632311 -0.731964
vt 0.660322 -0.725495
vt 0.645239 -0.715745
vt 0.635428 -0.727315
vt 0.650796 -0.709498
vt 0.619503 -0.712338
vt 0.639197 -0.706583
vt 0.639197 -0.680868
vt 0.791229 -0.709256
vt 0.815839 -0.709256
vt 0.728085 -0.707471
vt 0.681222 -0.708542
vt 0.815839 -0.680772
vt 0.791229 -0.694601
vt 0.815839 -0.694841
vt 0.791229 -0.681598
vt 0.728085 -0.693080
vt 0.728085 -0.677069
vt 0.673446 -0.693907
vt 0.599071 -0.932663
vt 0.849350 -0.694383
vt 0.593725 -0.925032
vt 0.611123 -0.967656
vt 0.592781 -0.974381
vt 0.612188 -0.974051
vt 0.637304 -0.854152
vt 0.637304 -0.880753
vt 0.667251 -0.854152
vt 0.675026 -0.750000
vt 0.650796 -0.750000
vt 0.637304 -0.918609
vt 0.612180 -0.871850
vt 0.612180 -0.898471
vt 0.614770 -0.945554
vt 0.612480 -0.854065
vt 0.612180 -0.861643
vt 0.634768 -0.965794
vt 0.612180 -0.888244
vt 0.612180 -0.926101
vt 0.634254 -0.936120
vt 0.612180 -0.919543
vt 0.619503 -0.944193
vt 0.637837 -0.897517
vt 0.670767 -0.898158
vt 0.667607 -0.897489
vt 0.648748 -0.880946
vt 0.657317 -0.894954
vt 0.681936 -0.930430
vt 0.686266 -0.939810
vt 0.685309 -0.946945
vt 0.699228 -0.963873
vt 0.707848 -0.979388
vt 0.640421 -0.883864
vt 0.662866 -0.896485
vt 0.643332 -0.882930
vt 0.629068 -0.879797
vt 0.631601 -0.874512
vt 0.618659 -0.857488
vt 0.659862 -0.935747
vt 0.625794 -0.927221
vt 0.580182 -0.922326
vt 0.539646 -0.918756
vt 0.703040 -0.975066
vt 0.710810 -0.989314
vt 0.712476 -0.994898
vt 0.709699 -0.985592
vt 0.696750 -0.961845
vt 0.533609 -0.959704
vt 0.511440 -0.949596
vt 0.520881 -0.954992
vt 0.511440 -0.951935
vt 0.582969 -0.689208
usemtl b07t_chaos01
s off
f 3501/1 3502/2 3503/3
f 3506/4 3507/5 3508/6
s 1
f 3307/7 3308/8 3309/9
f 3310/9 3311/8 3312/10
f 3308/8 3313/11 3312/10
f 3314/12 3315/13 3316/14
f 3317/15 3315/13 3314/12
f 3318/16 3317/15 3314/12
f 3319/17 3317/15 3318/16
f 3320/8 3321/18 3322/11
f 3323/19 3324/20 3325/21
f 3323/19 3325/21 3326/22
f 3327/23 3323/19 3328/24
f 3329/13 3330/25 3331/26
f 3332/14 3330/25 3329/13
f 3329/13 3333/12 3332/14
f 3334/15 3333/12 3329/13
f 3334/15 3335/16 3333/12
f 3336/17 3335/16 3334/15
f 3332/14 3337/27 3330/25
f 3333/12 3338/28 3332/14
f 3335/16 3339/29 3333/12
f 3340/30 3341/31 3342/32
f 3343/33 3344/23 3345/34
f 3346/35 3343/33 3347/36
f 3348/37 3335/16 3336/17
f 3349/38 3348/37 3336/17
f 3350/30 3351/39 3352/32
f 3353/40 3348/37 3349/38
f 3351/39 3354/41 3355/3
f 3356/42 3357/43 3358/44
f 3348/37 3353/40 3356/42
f 3359/45 3360/4 3361/6
f 3362/46 3360/4 3359/45
f 3363/47 3364/48 3365/49
f 3366/45 3367/46 3368/50
f 3367/46 3369/51 3368/50
f 3363/47 3369/51 3367/46
f 3370/52 3371/53 3372/54
f 3371/53 3373/55 3372/54
f 3374/56 3373/55 3371/53
f 3374/56 3375/57 3373/55
f 3376/58 3375/57 3374/56
f 3377/9 3378/8 3379/7
f 3380/19 3381/59 3382/23
f 3350/30 3383/31 3384/60
f 3382/23 3385/34 3386/24
f 3387/33 3385/34 3382/23
f 3388/38 3319/17 3389/37
f 3389/37 3319/17 3318/16
f 3389/37 3390/40 3388/38
f 3378/8 3391/10 3392/11
f 3393/42 3390/40 3389/37
f 3394/61 3395/62 3396/63
f 3370/52 3397/64 3398/65
f 3398/65 3397/64 3399/66
f 3400/67 3395/62 3394/61
f 3401/68 3402/69 3403/70
f 3398/65 3399/66 3404/71
f 3404/71 3399/66 3405/72
f 3406/73 3401/68 3407/74
f 3408/48 3406/73 3409/75
f 3404/71 3405/72 3410/76
f 3406/73 3408/48 3411/77
f 3412/78 3413/79 3414/80
f 3415/80 3416/79 3417/81
f 3413/79 3418/80 3417/81
f 3417/81 3418/80 3419/82
f 3418/80 3420/83 3419/82
f 3419/82 3420/83 3421/72
f 3362/46 3422/84 3360/4
f 3423/47 3422/84 3362/46
f 3423/47 3409/75 3422/84
f 3408/48 3409/75 3423/47
f 3327/23 3343/33 3424/59
f 3343/33 3425/85 3424/59
f 3346/35 3425/85 3343/33
f 3414/80 3417/81 3426/82
f 3426/82 3417/81 3427/86
f 3417/81 3419/82 3427/86
f 3427/86 3419/82 3410/76
f 3419/82 3421/72 3410/76
f 3428/61 3346/35 3429/63
f 3430/78 3431/87 3418/80
f 3432/67 3428/61 3433/62
f 3428/61 3434/88 3346/35
f 3432/67 3435/5 3428/61
f 3427/86 3410/76 3426/82
f 3426/82 3410/76 3405/72
f 3413/79 3430/78 3418/80
f 3400/67 3436/5 3437/89
f 3394/61 3436/5 3400/67
f 3394/61 3438/88 3436/5
f 3439/35 3438/88 3394/61
f 3367/46 3366/45 3440/4
f 3363/47 3367/46 3441/84
f 3442/73 3443/74 3444/68
f 3363/47 3445/75 3364/48
f 3444/68 3446/70 3447/69
f 3444/68 3448/77 3442/73
f 3382/23 3386/24 3380/19
f 3380/19 3386/24 3449/22
f 3426/82 3405/72 3450/83
f 3315/13 3451/25 3316/14
f 3452/90 3453/20 3454/91
f 3447/69 3453/20 3452/90
f 3455/21 3453/20 3380/19
f 3447/69 3456/92 3444/68
f 3456/92 3448/77 3444/68
f 3450/83 3447/69 3452/90
f 3448/77 3364/48 3442/73
f 3457/93 3458/94 3455/21
f 3447/69 3446/70 3453/20
f 3446/70 3459/95 3453/20
f 3453/20 3459/95 3380/19
f 3460/96 3364/48 3448/77
f 3438/88 3461/85 3441/84
f 3441/84 3461/85 3445/75
f 3461/85 3381/59 3445/75
f 3445/75 3381/59 3443/74
f 3381/59 3459/95 3443/74
f 3443/74 3459/95 3446/70
f 3441/84 3445/75 3363/47
f 3450/83 3414/80 3426/82
f 3445/75 3442/73 3364/48
f 3445/75 3443/74 3442/73
f 3462/87 3414/80 3450/83
f 3443/74 3446/70 3444/68
f 3452/90 3462/87 3450/83
f 3463/84 3464/46 3440/4
f 3465/97 3462/87 3452/90
f 3440/4 3366/45 3466/6
f 3441/84 3440/4 3438/88
f 3438/88 3440/4 3436/5
f 3440/4 3466/6 3436/5
f 3436/5 3466/6 3437/89
f 3462/87 3412/78 3414/80
f 3467/98 3412/78 3462/87
f 3465/97 3467/98 3462/87
f 3468/99 3467/98 3465/97
f 3469/96 3470/49 3471/54
f 3471/54 3470/49 3472/55
f 3470/49 3473/51 3472/55
f 3472/55 3473/51 3474/57
f 3474/57 3374/56 3472/55
f 3472/55 3374/56 3371/53
f 3472/55 3371/53 3471/54
f 3471/54 3371/53 3370/52
f 3475/89 3435/5 3432/67
f 3476/90 3324/20 3402/69
f 3435/5 3434/88 3428/61
f 3477/91 3324/20 3476/90
f 3431/87 3420/83 3418/80
f 3433/62 3428/61 3429/63
f 3478/98 3431/87 3430/78
f 3429/63 3346/35 3347/36
f 3409/75 3425/85 3422/84
f 3422/84 3425/85 3434/88
f 3425/85 3346/35 3434/88
f 3422/84 3434/88 3360/4
f 3360/4 3434/88 3435/5
f 3479/95 3323/19 3424/59
f 3424/59 3323/19 3327/23
f 3420/83 3402/69 3480/100
f 3476/90 3402/69 3420/83
f 3431/87 3476/90 3420/83
f 3469/96 3408/48 3470/49
f 3470/49 3408/48 3423/47
f 3481/97 3476/90 3431/87
f 3478/98 3481/97 3431/87
f 3470/49 3423/47 3473/51
f 3473/51 3423/47 3362/46
f 3482/99 3481/97 3478/98
f 3420/83 3480/100 3421/72
f 3471/54 3483/64 3469/96
f 3469/96 3483/64 3411/77
f 3483/64 3484/66 3411/77
f 3411/77 3484/66 3485/92
f 3484/66 3421/72 3485/92
f 3485/92 3421/72 3480/100
f 3449/22 3455/21 3380/19
f 3485/92 3402/69 3401/68
f 3485/92 3401/68 3411/77
f 3411/77 3401/68 3406/73
f 3372/54 3397/64 3370/52
f 3411/77 3408/48 3469/96
f 3455/21 3458/94 3454/91
f 3409/75 3406/73 3407/74
f 3484/66 3404/71 3421/72
f 3407/74 3401/68 3403/70
f 3484/66 3398/65 3404/71
f 3403/70 3402/69 3324/20
f 3425/85 3409/75 3424/59
f 3424/59 3409/75 3407/74
f 3424/59 3407/74 3479/95
f 3479/95 3407/74 3403/70
f 3403/70 3324/20 3479/95
f 3479/95 3324/20 3323/19
f 3483/64 3398/65 3484/66
f 3483/64 3370/52 3398/65
f 3395/62 3486/43 3396/63
f 3396/63 3486/43 3487/44
f 3486/43 3393/42 3487/44
f 3487/44 3393/42 3389/37
f 3471/54 3370/52 3483/64
f 3392/11 3488/18 3378/8
f 3487/44 3389/37 3489/101
f 3489/101 3389/37 3318/16
f 3490/102 3488/18 3392/11
f 3491/103 3377/9 3492/104
f 3487/44 3489/101 3396/63
f 3396/63 3489/101 3493/36
f 3489/101 3494/29 3493/36
f 3493/36 3494/29 3385/34
f 3385/34 3387/33 3493/36
f 3493/36 3387/33 3439/35
f 3493/36 3439/35 3396/63
f 3396/63 3439/35 3394/61
f 3461/85 3387/33 3381/59
f 3381/59 3387/33 3382/23
f 3384/60 3491/103 3492/104
f 3383/31 3491/103 3384/60
f 3385/34 3494/29 3386/24
f 3438/88 3439/35 3461/85
f 3461/85 3439/35 3387/33
f 3459/95 3381/59 3380/19
f 3352/32 3383/31 3350/30
f 3473/51 3495/50 3474/57
f 3474/57 3495/50 3496/105
f 3496/105 3376/58 3474/57
f 3474/57 3376/58 3374/56
f 3369/51 3375/57 3368/50
f 3368/50 3375/57 3497/105
f 3375/57 3376/58 3497/105
f 3391/10 3378/8 3377/9
f 3491/103 3391/10 3377/9
f 3392/11 3391/10 3491/103
f 3383/31 3392/11 3491/103
f 3498/106 3392/11 3383/31
f 3375/57 3369/51 3373/55
f 3373/55 3369/51 3365/49
f 3369/51 3363/47 3365/49
f 3352/32 3498/106 3383/31
f 3499/107 3498/106 3352/32
f 3355/3 3499/107 3352/32
f 3373/55 3365/49 3372/54
f 3372/54 3365/49 3460/96
f 3365/49 3364/48 3460/96
f 3456/92 3399/66 3448/77
f 3448/77 3399/66 3397/64
f 3448/77 3397/64 3460/96
f 3460/96 3397/64 3372/54
f 3500/2 3499/107 3355/3
f 3473/51 3362/46 3495/50
f 3495/50 3362/46 3359/45
f 3504/108 3500/2 3505/1
f 3361/6 3435/5 3475/89
f 3347/36 3509/101 3429/63
f 3429/63 3509/101 3358/44
f 3509/101 3348/37 3358/44
f 3358/44 3348/37 3356/42
f 3354/41 3510/109 3505/1
f 3355/3 3354/41 3505/1
f 3358/44 3357/43 3429/63
f 3357/43 3433/62 3429/63
f 3352/32 3351/39 3355/3
f 3454/91 3465/97 3452/90
f 3511/110 3465/97 3454/91
f 3509/101 3335/16 3348/37
f 3458/94 3511/110 3454/91
f 3347/36 3343/33 3345/34
f 3510/109 3511/110 3458/94
f 3345/34 3327/23 3328/24
f 3328/24 3339/29 3345/34
f 3345/34 3339/29 3347/36
f 3339/29 3509/101 3347/36
f 3512/104 3513/103 3514/60
f 3514/60 3513/103 3341/31
f 3513/103 3313/11 3341/31
f 3341/31 3313/11 3515/106
f 3514/60 3341/31 3340/30
f 3511/110 3468/99 3465/97
f 3341/31 3515/106 3342/32
f 3342/32 3515/106 3516/107
f 3312/10 3313/11 3513/103
f 3517/2 3516/107 3518/111
f 3457/93 3455/21 3449/22
f 3458/94 3457/93 3504/108
f 3519/112 3520/113 3521/114
f 3520/113 3331/26 3521/114
f 3521/114 3331/26 3330/25
f 3521/114 3330/25 3519/112
f 3519/112 3330/25 3518/111
f 3330/25 3522/115 3518/111
f 3505/1 3458/94 3504/108
f 3520/113 3515/106 3313/11
f 3523/116 3331/26 3520/113
f 3509/101 3339/29 3335/16
f 3524/117 3468/99 3511/110
f 3339/29 3338/28 3333/12
f 3510/109 3524/117 3511/110
f 3338/28 3337/27 3332/14
f 3354/41 3524/117 3510/109
f 3499/107 3525/112 3526/113
f 3527/113 3528/106 3499/107
f 3392/11 3498/106 3526/113
f 3526/113 3529/102 3392/11
f 3530/116 3529/102 3526/113
f 3526/113 3531/112 3532/114
f 3533/26 3526/113 3532/114
f 3328/24 3323/19 3326/22
f 3530/116 3526/113 3533/26
f 3326/22 3325/21 3534/93
f 3325/21 3535/94 3534/93
f 3534/93 3337/27 3326/22
f 3326/22 3337/27 3328/24
f 3337/27 3338/28 3328/24
f 3328/24 3338/28 3339/29
f 3313/11 3321/18 3536/102
f 3325/21 3324/20 3477/91
f 3325/21 3477/91 3535/94
f 3337/27 3534/93 3330/25
f 3330/25 3534/93 3522/115
f 3534/93 3537/108 3522/115
f 3517/2 3518/111 3537/108
f 3537/108 3518/111 3522/115
f 3538/109 3539/1 3535/94
f 3535/94 3539/1 3537/108
f 3535/94 3537/108 3534/93
f 3537/108 3539/1 3517/2
f 3517/2 3539/1 3540/3
f 3539/1 3541/41 3540/3
f 3540/3 3541/41 3542/39
f 3517/2 3540/3 3516/107
f 3510/109 3458/94 3505/1
f 3540/3 3542/39 3342/32
f 3342/32 3542/39 3340/30
f 3476/90 3481/97 3477/91
f 3477/91 3481/97 3543/110
f 3481/97 3482/99 3543/110
f 3543/110 3482/99 3544/117
f 3477/91 3543/110 3535/94
f 3535/94 3543/110 3538/109
f 3543/110 3544/117 3538/109
f 3538/109 3544/117 3541/41
f 3539/1 3538/109 3541/41
f 3513/103 3309/9 3312/10
f 3512/104 3310/9 3513/103
f 3536/102 3520/113 3313/11
f 3545/116 3520/113 3536/102
f 3489/101 3318/16 3494/29
f 3494/29 3318/16 3314/12
f 3494/29 3314/12 3546/28
f 3546/28 3314/12 3316/14
f 3547/27 3546/28 3316/14
f 3386/24 3547/27 3449/22
f 3449/22 3547/27 3457/93
f 3547/27 3451/25 3457/93
f 3457/93 3451/25 3548/115
f 3451/25 3549/111 3548/115
f 3504/108 3549/111 3500/2
f 3531/112 3451/25 3532/114
f 3451/25 3533/26 3532/114
f 3533/26 3451/25 3315/13
f 3450/83 3405/72 3550/100
f 3451/25 3547/27 3316/14
f 3494/29 3546/28 3386/24
f 3386/24 3546/28 3547/27
f 3457/93 3548/115 3504/108
f 3504/108 3548/115 3549/111
f 3531/112 3499/107 3549/111
f 3453/20 3455/21 3454/91
f 3549/111 3451/25 3531/112
f 3516/107 3540/3 3342/32
f 3516/107 3515/106 3520/113
f 3516/107 3551/113 3519/112
f 3518/111 3516/107 3519/112
f 3480/100 3402/69 3485/92
f 3550/100 3456/92 3447/69
f 3405/72 3399/66 3456/92
f 3405/72 3456/92 3550/100
f 3550/100 3447/69 3450/83
f 3421/72 3404/71 3410/76
f 3549/111 3499/107 3500/2
usemtl b07t_body
s off
f 424/118 425/119 426/120
f 426/120 425/119 427/121
f 439/122 440/120 441/121
f 449/123 450/120 451/124
f 453/125 454/126 455/127
f 455/127 454/126 456/121
f 522/128 523/129 524/120
f 524/120 523/129 525/130
f 546/131 547/132 548/133
f 649/118 650/120 651/119
f 661/134 662/120 663/121
f 663/121 665/120 661/134
f 661/134 665/120 666/135
f 954/128 955/120 956/129
f 1145/123 1146/124 1147/120
f 1147/120 1146/124 1148/121
f 1149/125 1150/127 1151/126
f 1151/126 1150/127 1152/121
f 1627/136 1628/137 1629/138
f 1824/139 1825/140 1826/141
f 1829/139 1830/142 1831/143
f 1836/143 1837/142 1838/139
f 1839/141 1840/140 1841/139
f 2309/144 2310/145 2311/146
f 2312/145 2313/147 2314/148
f 2310/145 2317/149 2311/146
f 2318/150 2317/149 2310/145
f 2310/145 2319/151 2318/150
f 2320/152 2319/151 2310/145
f 2310/145 2321/153 2320/152
f 2322/147 2321/153 2310/145
f 2310/145 2323/148 2322/147
f 2325/154 2323/148 2310/145
f 2310/145 2328/155 2325/154
f 2329/156 2328/155 2310/145
f 2310/145 2331/157 2329/156
f 2333/158 2331/157 2310/145
f 2312/145 2334/153 2313/147
f 2335/152 2334/153 2312/145
f 2312/145 2336/151 2335/152
f 2337/150 2336/151 2312/145
f 2312/145 2338/149 2337/150
f 2339/146 2338/149 2312/145
f 2312/145 2340/144 2339/146
f 2341/159 2340/144 2312/145
f 2312/145 2342/160 2341/159
f 2343/158 2342/160 2312/145
f 2312/145 2353/157 2343/158
f 2354/156 2353/157 2312/145
f 2358/161 2359/162 2360/163
f 2361/164 2359/162 2358/161
f 2362/165 2363/166 2364/167
f 2365/168 2363/166 2362/165
f 2366/169 2367/170 2368/171
f 2369/172 2367/170 2366/169
f 2310/145 2309/144 2370/159
f 2371/160 2310/145 2370/159
f 2333/158 2310/145 2371/160
f 2312/145 2314/148 2372/154
f 2373/155 2312/145 2372/154
f 2354/156 2312/145 2373/155
f 2374/167 2375/173 2376/163
f 2377/165 2375/173 2374/167
f 2378/166 2377/165 2374/167
f 2382/168 2377/165 2378/166
f 2383/171 2384/174 2385/164
f 2386/169 2384/174 2383/171
f 2387/170 2386/169 2383/171
f 2388/172 2386/169 2387/170
f 2364/167 2391/173 2362/165
f 2360/163 2391/173 2364/167
f 2392/175 2360/163 2364/167
f 2358/161 2360/163 2392/175
f 2361/164 2395/176 2359/162
f 2368/171 2395/176 2361/164
f 2396/174 2368/171 2361/164
f 2366/169 2368/171 2396/174
f 2385/164 2397/176 2383/171
f 2398/162 2397/176 2385/164
f 2400/161 2398/162 2385/164
f 2376/163 2398/162 2400/161
f 2401/175 2376/163 2400/161
f 2374/167 2376/163 2401/175
f 2402/177 2403/178 2404/179
f 2405/180 2403/178 2402/177
f 2406/181 2405/180 2402/177
f 2407/182 2405/180 2406/181
f 2411/183 2407/182 2406/181
f 2412/184 2407/182 2411/183
f 2413/185 2412/184 2411/183
f 2423/186 2412/184 2413/185
f 2424/187 2423/186 2413/185
f 2425/188 2423/186 2424/187
f 2426/189 2425/188 2424/187
f 2427/190 2425/188 2426/189
f 2428/191 2427/190 2426/189
f 2431/192 2427/190 2428/191
f 2432/193 2431/192 2428/191
f 2434/194 2431/192 2432/193
f 2435/195 2434/194 2432/193
f 2438/196 2434/194 2435/195
f 2439/197 2438/196 2435/195
f 2440/198 2438/196 2439/197
f 2441/199 2440/198 2439/197
f 2442/200 2440/198 2441/199
f 2443/201 2442/200 2441/199
f 2444/202 2442/200 2443/201
f 2446/203 2444/202 2443/201
f 2447/204 2444/202 2446/203
f 2449/205 2447/204 2446/203
f 2450/206 2447/204 2449/205
f 2451/207 2450/206 2449/205
f 2452/208 2450/206 2451/207
f 2404/179 2452/208 2451/207
f 2403/178 2452/208 2404/179
f 2454/179 2455/178 2456/177
f 2457/208 2455/178 2454/179
f 2459/207 2457/208 2454/179
f 2461/206 2457/208 2459/207
f 2464/205 2461/206 2459/207
f 2465/204 2461/206 2464/205
f 2466/203 2465/204 2464/205
f 2470/202 2465/204 2466/203
f 2473/201 2470/202 2466/203
f 2474/200 2470/202 2473/201
f 2475/199 2474/200 2473/201
f 2476/198 2474/200 2475/199
f 2477/197 2476/198 2475/199
f 2478/196 2476/198 2477/197
f 2479/195 2478/196 2477/197
f 2480/194 2478/196 2479/195
f 2481/193 2480/194 2479/195
f 2482/192 2480/194 2481/193
f 2483/191 2482/192 2481/193
f 2484/190 2482/192 2483/191
f 2485/189 2484/190 2483/191
f 2486/188 2484/190 2485/189
f 2487/187 2486/188 2485/189
f 2489/186 2486/188 2487/187
f 2492/185 2489/186 2487/187
f 2493/184 2489/186 2492/185
f 2494/183 2493/184 2492/185
f 2497/182 2493/184 2494/183
f 2498/181 2497/182 2494/183
f 2499/180 2497/182 2498/181
f 2456/177 2499/180 2498/181
f 2455/178 2499/180 2456/177
f 2871/120 2872/122 2873/121
f 2874/209 2872/122 2871/120
f 2875/120 2876/210 2877/121
f 2878/211 2876/210 2875/120
f 3046/212 3047/120 3048/121
f 3049/213 3047/120 3046/212
f 956/129 955/120 3050/130
f 3127/132 3128/131 3129/133
f 3130/214 3128/131 3127/132
f 3131/135 662/120 661/134
f 651/119 650/120 3132/121
f 3145/215 3146/216 3147/121
f 3148/217 3146/216 3145/215
f 3149/214 547/132 546/131
f 3150/120 3151/212 3152/121
f 3153/213 3151/212 3150/120
f 451/124 450/120 3162/121
f 3164/209 440/120 439/122
f 3165/210 3166/120 3167/121
f 3168/211 3166/120 3165/210
f 3170/216 3171/215 3172/121
f 3173/217 3171/215 3170/216
f 3282/218 3283/219 3284/220
s 1
f 1/221 2/222 3/223
f 4/222 5/221 6/223
f 7/224 8/225 9/226
f 10/227 8/225 7/224
f 11/228 9/226 12/229
f 7/224 9/226 11/228
f 13/230 12/229 14/231
f 15/232 16/233 17/234
f 16/233 18/235 17/234
f 11/228 12/229 13/230
f 19/236 20/237 21/238
f 22/239 14/231 23/240
f 20/237 24/238 25/241
f 13/230 14/231 22/239
f 5/221 26/242 6/223
f 27/243 26/242 5/221
f 28/244 29/245 30/227
f 31/246 29/245 28/244
f 32/247 33/248 34/249
f 35/250 33/248 32/247
f 36/251 37/252 38/253
f 39/240 37/252 36/251
f 39/240 40/239 37/252
f 41/231 40/239 39/240
f 42/254 43/255 44/256
f 41/231 45/230 40/239
f 46/229 45/230 41/231
f 46/229 47/228 45/230
f 48/226 47/228 46/229
f 48/226 49/224 47/228
f 50/225 49/224 48/226
f 50/225 30/227 49/224
f 28/244 30/227 50/225
f 51/257 52/258 53/259
f 54/260 52/258 51/257
f 2/222 55/261 3/223
f 56/262 55/261 2/222
f 16/233 57/234 58/235
f 58/235 57/234 59/263
f 56/262 38/253 55/261
f 60/263 61/264 17/234
f 36/251 38/253 56/262
f 10/227 62/244 8/225
f 63/245 62/244 10/227
f 10/227 64/250 63/245
f 65/265 66/266 67/267
f 68/268 64/250 10/227
f 69/269 70/270 67/267
f 71/271 72/272 73/273
f 20/237 74/236 24/238
f 75/274 72/272 71/271
f 76/275 77/276 78/257
f 79/277 77/276 76/275
f 79/277 80/278 77/276
f 15/232 81/219 82/218
f 83/279 80/278 79/277
f 15/232 84/280 85/218
f 83/279 86/281 80/278
f 87/282 86/281 83/279
f 87/282 88/283 86/281
f 89/284 88/283 87/282
f 89/284 73/273 88/283
f 71/271 73/273 89/284
f 75/274 90/247 72/272
f 91/285 92/286 93/287
f 94/249 90/247 75/274
f 92/286 95/288 96/289
f 94/249 97/248 90/247
f 98/246 97/248 94/249
f 99/252 22/239 23/240
f 100/251 99/252 23/240
f 101/253 99/252 100/251
f 51/257 102/243 103/242
f 104/290 51/257 103/242
f 54/260 51/257 104/290
f 105/283 106/291 107/292
f 108/281 106/291 105/283
f 109/282 108/281 105/283
f 110/279 108/281 109/282
f 111/278 112/293 113/294
f 114/276 112/293 111/278
f 115/277 114/276 111/278
f 116/275 114/276 115/277
f 114/276 53/259 112/293
f 51/257 53/259 114/276
f 117/295 118/296 119/297
f 119/297 118/296 120/298
f 116/275 51/257 114/276
f 120/298 121/299 122/296
f 102/243 51/257 116/275
f 108/281 113/294 106/291
f 111/278 113/294 108/281
f 110/279 111/278 108/281
f 123/300 124/286 125/288
f 115/277 111/278 110/279
f 124/286 126/287 127/289
f 32/247 128/268 35/250
f 129/272 128/268 32/247
f 130/274 129/272 32/247
f 131/271 129/272 130/274
f 124/286 132/285 126/287
f 129/272 133/301 128/268
f 132/285 134/302 135/303
f 136/273 133/301 129/272
f 131/271 136/273 129/272
f 137/284 136/273 131/271
f 136/273 107/292 133/301
f 105/283 107/292 136/273
f 137/284 105/283 136/273
f 109/282 105/283 137/284
f 101/253 100/251 138/262
f 139/261 101/253 138/262
f 140/260 101/253 139/261
f 141/290 140/260 139/261
f 78/257 140/260 141/290
f 33/248 31/246 34/249
f 120/298 122/296 142/297
f 142/297 122/296 143/295
f 29/245 31/246 33/248
f 143/295 144/304 95/288
f 35/250 29/245 33/248
f 30/227 29/245 35/250
f 128/268 30/227 35/250
f 132/285 145/305 134/302
f 146/306 30/227 128/268
f 92/286 147/300 95/288
f 78/257 148/258 140/260
f 149/259 148/258 78/257
f 77/276 149/259 78/257
f 150/293 149/259 77/276
f 80/278 150/293 77/276
f 151/294 150/293 80/278
f 139/261 138/262 4/222
f 6/223 139/261 4/222
f 141/290 139/261 6/223
f 26/242 141/290 6/223
f 78/257 141/290 26/242
f 27/243 78/257 26/242
f 76/275 78/257 27/243
f 10/227 152/306 68/268
f 153/307 152/306 10/227
f 7/224 153/307 10/227
f 154/308 153/307 7/224
f 11/228 154/308 7/224
f 155/309 154/308 11/228
f 13/230 155/309 11/228
f 156/310 155/309 13/230
f 22/239 156/310 13/230
f 157/311 156/310 22/239
f 99/252 157/311 22/239
f 158/312 157/311 99/252
f 101/253 158/312 99/252
f 140/260 158/312 101/253
f 63/245 98/246 62/244
f 97/248 98/246 63/245
f 64/250 97/248 63/245
f 90/247 97/248 64/250
f 68/268 90/247 64/250
f 72/272 90/247 68/268
f 159/301 72/272 68/268
f 73/273 72/272 159/301
f 160/292 73/273 159/301
f 88/283 73/273 160/292
f 161/291 88/283 160/292
f 86/281 88/283 161/291
f 162/313 163/314 164/315
f 164/315 163/314 165/316
f 163/314 166/315 165/316
f 165/316 166/315 167/317
f 168/318 169/319 170/320
f 170/320 169/319 171/321
f 169/319 172/322 171/321
f 171/321 172/322 173/319
f 172/322 174/323 173/319
f 173/319 174/323 175/324
f 174/323 176/325 175/324
f 175/324 176/325 177/326
f 178/327 179/318 175/324
f 175/324 179/318 173/319
f 179/318 180/320 173/319
f 173/319 180/320 171/321
f 180/320 181/328 171/321
f 171/321 181/328 170/320
f 166/315 163/314 182/313
f 182/313 163/314 183/329
f 163/314 162/313 183/329
f 183/329 162/313 184/330
f 162/313 185/331 184/330
f 151/294 86/281 161/291
f 80/278 86/281 151/294
f 103/242 102/243 1/221
f 3/223 103/242 1/221
f 104/290 103/242 3/223
f 186/265 187/266 188/332
f 188/332 187/266 189/333
f 187/266 190/269 189/333
f 189/333 190/269 191/334
f 55/261 104/290 3/223
f 42/254 192/335 193/317
f 54/260 104/290 55/261
f 193/317 164/315 165/316
f 194/327 195/324 168/318
f 168/318 195/324 169/319
f 195/324 196/323 169/319
f 169/319 196/323 172/322
f 59/263 197/336 58/235
f 58/235 197/336 198/337
f 197/336 199/338 198/337
f 198/337 200/338 201/339
f 60/263 18/235 202/336
f 202/336 18/235 203/337
f 18/235 16/233 203/337
f 203/337 16/233 204/339
f 205/340 206/341 67/267
f 38/253 54/260 55/261
f 207/312 54/260 38/253
f 208/326 209/325 195/324
f 195/324 209/325 196/323
f 37/252 207/312 38/253
f 210/311 207/312 37/252
f 40/239 210/311 37/252
f 211/310 210/311 40/239
f 45/230 211/310 40/239
f 212/309 211/310 45/230
f 191/334 69/269 189/333
f 189/333 69/269 66/266
f 47/228 212/309 45/230
f 213/308 212/309 47/228
f 189/333 66/266 188/332
f 188/332 66/266 65/265
f 58/235 198/337 16/233
f 16/233 198/337 201/339
f 201/339 214/342 16/233
f 16/233 214/342 204/339
f 204/339 215/338 203/337
f 203/337 215/338 202/336
f 184/330 216/343 183/329
f 183/329 216/343 217/330
f 49/224 213/308 47/228
f 183/329 217/330 182/313
f 164/315 192/335 218/344
f 219/307 213/308 49/224
f 30/227 219/307 49/224
f 146/306 219/307 30/227
f 220/345 221/346 222/347
f 223/348 221/346 220/345
f 224/349 225/350 226/351
f 226/351 225/350 227/352
f 226/351 227/352 228/353
f 228/353 227/352 229/354
f 228/353 229/354 230/355
f 231/356 223/348 220/345
f 232/357 223/348 231/356
f 233/358 232/357 231/356
f 234/359 232/357 233/358
f 235/360 236/361 237/362
f 235/360 237/362 238/363
f 238/363 237/362 239/364
f 240/365 234/359 233/358
f 241/366 234/359 240/365
f 242/367 241/366 240/365
f 194/327 168/318 243/368
f 244/369 241/366 242/367
f 168/318 170/320 245/370
f 246/371 244/369 242/367
f 170/320 181/328 247/372
f 248/373 244/369 246/371
f 181/328 249/372 250/374
f 251/375 248/373 246/371
f 252/376 248/373 251/375
f 181/328 180/320 249/372
f 253/377 252/376 251/375
f 180/320 179/318 254/370
f 255/378 252/376 253/377
f 179/318 178/327 256/368
f 257/379 255/378 253/377
f 258/380 255/378 257/379
f 259/381 258/380 257/379
f 194/327 243/368 260/382
f 261/383 258/380 259/381
f 262/384 261/383 259/381
f 177/326 263/385 175/324
f 175/324 263/385 178/327
f 264/386 261/383 262/384
f 178/327 265/387 266/382
f 267/388 264/386 262/384
f 268/389 264/386 267/388
f 269/390 268/389 267/388
f 208/326 195/324 270/385
f 271/391 268/389 269/390
f 272/392 271/391 269/390
f 273/393 271/391 272/392
f 274/394 273/393 272/392
f 275/395 273/393 274/394
f 222/347 275/395 274/394
f 221/346 275/395 222/347
f 276/396 277/397 278/398
f 279/399 277/397 276/396
f 280/400 279/399 276/396
f 281/401 279/399 280/400
f 282/402 281/401 280/400
f 283/403 281/401 282/402
f 284/404 283/403 282/402
f 285/405 283/403 284/404
f 286/406 285/405 284/404
f 287/407 285/405 286/406
f 288/408 287/407 286/406
f 289/409 287/407 288/408
f 290/410 289/409 288/408
f 291/411 289/409 290/410
f 292/412 291/411 290/410
f 293/413 291/411 292/412
f 294/414 293/413 292/412
f 295/415 293/413 294/414
f 296/416 295/415 294/414
f 297/417 295/415 296/416
f 298/418 297/417 296/416
f 299/419 297/417 298/418
f 300/420 299/419 298/418
f 301/421 299/419 300/420
f 302/422 301/421 300/420
f 166/315 303/335 167/317
f 167/317 303/335 304/254
f 305/423 301/421 302/422
f 304/254 306/256 307/255
f 308/424 305/423 302/422
f 309/425 305/423 308/424
f 310/426 309/425 308/424
f 311/427 309/425 310/426
f 278/398 311/427 310/426
f 277/397 311/427 278/398
f 308/424 272/392 310/426
f 274/394 272/392 308/424
f 302/422 274/394 308/424
f 222/347 274/394 302/422
f 300/420 222/347 302/422
f 220/345 222/347 300/420
f 182/313 312/344 166/315
f 166/315 312/344 303/335
f 298/418 220/345 300/420
f 231/356 220/345 298/418
f 296/416 231/356 298/418
f 217/330 313/331 182/313
f 182/313 313/331 312/344
f 233/358 231/356 296/416
f 294/414 233/358 296/416
f 240/365 233/358 294/414
f 292/412 240/365 294/414
f 242/367 240/365 292/412
f 290/410 242/367 292/412
f 246/371 242/367 290/410
f 288/408 246/371 290/410
f 251/375 246/371 288/408
f 286/406 251/375 288/408
f 253/377 251/375 286/406
f 284/404 253/377 286/406
f 257/379 253/377 284/404
f 19/236 21/238 314/428
f 282/402 257/379 284/404
f 259/381 257/379 282/402
f 280/400 259/381 282/402
f 315/340 316/270 317/267
f 262/384 259/381 280/400
f 190/269 187/266 317/267
f 276/396 262/384 280/400
f 186/265 318/429 317/267
f 267/388 262/384 276/396
f 278/398 267/388 276/396
f 269/390 267/388 278/398
f 310/426 269/390 278/398
f 215/338 319/430 202/336
f 272/392 269/390 310/426
f 320/363 321/362 322/360
f 321/362 323/361 322/360
f 322/360 323/361 324/431
f 323/361 325/432 324/431
f 326/424 327/425 328/426
f 329/423 327/425 326/424
f 330/422 329/423 326/424
f 331/421 329/423 330/422
f 332/353 333/352 334/351
f 333/352 335/350 334/351
f 334/351 335/350 336/349
f 337/420 331/421 330/422
f 338/419 331/421 337/420
f 339/418 338/419 337/420
f 340/417 338/419 339/418
f 341/416 340/417 339/418
f 342/415 340/417 341/416
f 343/414 342/415 341/416
f 344/413 342/415 343/414
f 345/412 344/413 343/414
f 346/411 344/413 345/412
f 347/410 346/411 345/412
f 348/409 346/411 347/410
f 349/408 348/409 347/410
f 350/407 348/409 349/408
f 351/406 350/407 349/408
f 352/405 350/407 351/406
f 353/404 352/405 351/406
f 354/403 352/405 353/404
f 355/402 354/403 353/404
f 356/401 354/403 355/402
f 357/400 356/401 355/402
f 358/399 356/401 357/400
f 359/433 360/434 361/435
f 360/434 362/436 361/435
f 361/435 362/436 363/437
f 362/436 364/438 363/437
f 363/437 364/438 365/439
f 364/438 366/440 365/439
f 365/439 366/440 367/441
f 366/440 368/442 367/441
f 367/441 368/442 369/443
f 368/442 370/444 369/443
f 369/443 370/444 371/445
f 372/396 358/399 357/400
f 360/434 373/446 374/447
f 375/397 358/399 372/396
f 374/447 376/448 377/449
f 378/398 375/397 372/396
f 377/449 379/450 380/451
f 381/427 375/397 378/398
f 380/451 382/452 383/453
f 370/444 368/442 383/453
f 383/453 368/442 380/451
f 368/442 366/440 380/451
f 380/451 366/440 377/449
f 366/440 364/438 377/449
f 377/449 364/438 374/447
f 364/438 362/436 374/447
f 374/447 362/436 360/434
f 328/426 381/427 378/398
f 327/425 381/427 328/426
f 359/433 361/435 384/454
f 384/454 361/435 385/455
f 361/435 386/456 385/455
f 385/455 386/456 387/457
f 386/456 388/349 387/457
f 389/347 330/422 390/394
f 337/420 330/422 389/347
f 384/454 391/458 392/459
f 384/454 385/455 391/458
f 393/345 337/420 389/347
f 385/455 394/454 395/458
f 388/349 386/456 396/460
f 396/460 386/456 363/437
f 386/456 361/435 363/437
f 369/443 397/461 367/441
f 367/441 397/461 365/439
f 397/461 363/437 365/439
f 339/418 337/420 393/345
f 398/356 339/418 393/345
f 369/443 371/445 397/461
f 397/461 371/445 396/460
f 394/454 385/455 387/457
f 397/461 396/460 363/437
f 341/416 339/418 398/356
f 399/358 341/416 398/356
f 343/414 341/416 399/358
f 400/365 343/414 399/358
f 345/412 343/414 400/365
f 401/367 345/412 400/365
f 347/410 345/412 401/367
f 402/371 347/410 401/367
f 349/408 347/410 402/371
f 403/375 349/408 402/371
f 404/462 405/463 406/464
f 351/406 349/408 403/375
f 407/377 351/406 403/375
f 353/404 351/406 407/377
f 408/379 353/404 407/377
f 355/402 353/404 408/379
f 409/381 355/402 408/379
f 357/400 355/402 409/381
f 410/384 357/400 409/381
f 372/396 357/400 410/384
f 411/388 372/396 410/384
f 378/398 372/396 411/388
f 412/390 378/398 411/388
f 328/426 378/398 412/390
f 413/392 328/426 412/390
f 326/424 328/426 413/392
f 390/394 326/424 413/392
f 330/422 326/424 390/394
f 414/393 413/392 415/391
f 390/394 413/392 414/393
f 416/395 390/394 414/393
f 389/347 390/394 416/395
f 417/346 389/347 416/395
f 418/465 405/463 404/462
f 419/466 420/467 421/468
f 421/468 420/467 422/469
f 393/345 389/347 417/346
f 423/348 393/345 417/346
f 398/356 393/345 423/348
f 428/357 398/356 423/348
f 399/358 398/356 428/357
f 429/359 399/358 428/357
f 430/470 431/468 432/471
f 400/365 399/358 429/359
f 431/468 433/466 434/472
f 435/366 400/365 429/359
f 401/367 400/365 435/366
f 436/369 401/367 435/366
f 402/371 401/367 436/369
f 437/373 402/371 436/369
f 403/375 402/371 437/373
f 438/376 403/375 437/373
f 407/377 403/375 438/376
f 442/378 407/377 438/376
f 408/379 407/377 442/378
f 443/473 444/474 445/475
f 445/475 444/474 446/476
f 444/474 447/477 446/476
f 446/476 447/477 448/478
f 452/380 408/379 442/378
f 448/478 457/479 446/476
f 446/476 457/479 458/480
f 446/476 458/480 445/475
f 445/475 458/480 459/481
f 445/475 459/481 460/482
f 409/381 408/379 452/380
f 461/383 409/381 452/380
f 410/384 409/381 461/383
f 462/386 410/384 461/383
f 411/388 410/384 462/386
f 463/389 411/388 462/386
f 412/390 411/388 463/389
f 415/391 412/390 463/389
f 464/479 465/483 466/484
f 466/484 465/483 467/485
f 465/483 468/486 467/485
f 467/485 468/486 469/487
f 468/486 470/488 469/487
f 471/481 472/489 465/483
f 465/483 472/489 468/486
f 472/489 473/490 468/486
f 468/486 473/490 470/488
f 473/490 474/491 470/488
f 413/392 412/390 415/391
f 152/306 475/492 68/268
f 464/479 476/480 465/483
f 465/483 476/480 471/481
f 471/481 477/493 472/489
f 472/489 477/493 478/494
f 472/489 478/494 473/490
f 473/490 478/494 479/495
f 480/496 475/492 152/306
f 153/307 480/496 152/306
f 481/497 482/498 483/499
f 484/500 480/496 153/307
f 483/499 485/501 486/502
f 486/502 487/501 483/499
f 483/499 487/501 488/498
f 483/499 488/498 481/497
f 481/497 488/498 489/503
f 154/308 484/500 153/307
f 490/504 484/500 154/308
f 486/502 491/505 492/506
f 492/506 491/505 493/507
f 155/309 490/504 154/308
f 494/508 490/504 155/309
f 492/506 493/507 495/509
f 156/310 494/508 155/309
f 496/510 494/508 156/310
f 497/511 495/509 498/512
f 157/311 496/510 156/310
f 499/513 496/510 157/311
f 497/511 500/514 501/507
f 158/312 499/513 157/311
f 502/515 499/513 158/312
f 140/260 502/515 158/312
f 503/516 502/515 140/260
f 148/258 503/516 140/260
f 504/517 503/516 148/258
f 149/259 504/517 148/258
f 505/518 504/517 149/259
f 150/293 505/518 149/259
f 506/519 505/518 150/293
f 151/294 506/519 150/293
f 507/520 506/519 151/294
f 508/521 509/522 510/523
f 511/524 512/525 513/526
f 161/291 507/520 151/294
f 514/527 507/520 161/291
f 160/292 514/527 161/291
f 515/528 514/527 160/292
f 159/301 515/528 160/292
f 516/529 515/528 159/301
f 68/268 516/529 159/301
f 475/492 516/529 68/268
f 54/260 517/516 52/258
f 518/515 517/516 54/260
f 207/312 518/515 54/260
f 519/513 518/515 207/312
f 210/311 519/513 207/312
f 520/510 519/513 210/311
f 211/310 520/510 210/311
f 521/508 520/510 211/310
f 212/309 521/508 211/310
f 526/530 527/531 528/532
f 529/504 521/508 212/309
f 213/308 529/504 212/309
f 530/500 529/504 213/308
f 219/307 530/500 213/308
f 531/533 532/534 533/535
f 534/496 530/500 219/307
f 532/534 535/536 536/537
f 146/306 534/496 219/307
f 535/536 537/530 538/538
f 539/492 534/496 146/306
f 128/268 539/492 146/306
f 540/529 539/492 128/268
f 133/301 540/529 128/268
f 541/528 540/529 133/301
f 542/531 543/539 537/530
f 537/530 543/539 544/540
f 107/292 541/528 133/301
f 545/527 541/528 107/292
f 106/291 545/527 107/292
f 549/520 545/527 106/291
f 113/294 549/520 106/291
f 550/519 549/520 113/294
f 112/293 550/519 113/294
f 551/518 550/519 112/293
f 53/259 551/518 112/293
f 552/433 553/435 554/434
f 554/434 553/435 555/436
f 553/435 556/437 555/436
f 557/436 558/437 559/438
f 556/437 560/439 559/438
f 559/438 560/439 561/440
f 560/439 562/441 561/440
f 561/440 562/441 563/442
f 562/441 564/443 563/442
f 563/442 564/443 565/444
f 564/443 566/445 565/444
f 567/517 551/518 53/259
f 52/258 567/517 53/259
f 517/516 567/517 52/258
f 568/541 569/542 570/543
f 554/434 555/436 571/447
f 571/447 555/436 559/438
f 572/544 573/545 574/546
f 575/547 576/548 577/549
f 578/550 579/551 580/552
f 581/553 582/554 583/555
f 571/447 559/438 584/449
f 584/449 559/438 561/440
f 585/556 586/557 587/558
f 588/557 589/559 590/560
f 591/561 592/562 593/563
f 594/564 595/565 596/566
f 584/449 561/440 597/451
f 597/451 561/440 563/442
f 598/567 599/568 600/569
f 601/570 602/571 603/572
f 604/573 605/574 606/575
f 607/576 608/577 609/578
f 597/451 563/442 610/453
f 610/453 563/442 565/444
f 556/437 553/435 611/456
f 611/456 553/435 612/455
f 553/435 613/454 612/455
f 612/455 613/454 614/458
f 613/454 615/459 614/458
f 560/439 616/461 562/441
f 562/441 616/461 564/443
f 616/461 566/445 564/443
f 560/439 556/437 616/461
f 616/461 556/437 617/460
f 556/437 611/456 617/460
f 611/456 612/455 618/457
f 618/457 612/455 619/454
f 612/455 620/458 619/454
f 621/350 622/349 611/456
f 611/456 622/349 617/460
f 553/435 552/433 613/454
f 613/454 552/433 623/579
f 624/580 625/581 626/582
f 613/454 627/583 615/459
f 566/445 616/461 617/460
f 628/584 629/585 630/586
f 631/587 632/588 633/589
f 634/590 635/591 636/592
f 637/593 638/594 639/595
f 636/592 640/596 430/470
f 641/597 642/598 643/599
f 430/470 644/469 431/468
f 645/600 646/588 647/589
f 431/468 648/467 433/466
f 652/601 653/594 654/595
f 655/602 656/603 657/604
f 658/605 659/503 481/497
f 660/606 656/603 655/602
f 481/497 489/503 658/605
f 658/605 489/503 664/607
f 527/531 526/530 667/539
f 668/608 669/609 670/610
f 526/530 671/538 672/540
f 526/530 673/536 671/538
f 674/611 669/609 668/608
f 673/536 675/534 676/537
f 677/550 678/612 679/552
f 680/613 678/612 677/550
f 681/577 682/576 683/578
f 684/614 682/576 681/577
f 685/615 686/616 687/617
f 688/618 686/616 685/615
f 685/615 689/586 690/618
f 691/619 689/586 685/615
f 634/590 692/620 693/621
f 684/614 694/622 682/576
f 695/623 694/622 684/614
f 696/624 697/625 698/626
f 699/627 697/625 696/624
f 700/628 701/629 702/630
f 703/631 701/629 700/628
f 704/588 705/632 706/633
f 707/587 705/632 704/588
f 708/634 709/635 710/553
f 711/636 709/635 708/634
f 700/628 712/637 703/631
f 713/638 712/637 700/628
f 707/587 714/543 705/632
f 715/639 714/543 707/587
f 716/640 717/641 718/642
f 719/643 717/641 716/640
f 720/644 721/645 722/646
f 723/646 721/645 720/644
f 628/584 724/647 629/585
f 725/648 724/647 628/584
f 726/649 727/650 728/651
f 729/652 727/650 726/649
f 730/653 731/654 691/619
f 732/655 731/654 730/653
f 581/553 733/656 582/554
f 734/657 733/656 581/553
f 735/524 736/526 737/525
f 738/523 739/522 740/521
f 740/521 739/522 741/658
f 739/522 742/659 741/658
f 743/660 744/661 745/662
f 746/663 744/661 743/660
f 747/664 748/665 749/666
f 750/667 748/665 747/664
f 751/668 752/669 753/580
f 754/670 752/669 751/668
f 755/671 756/672 757/673
f 758/674 759/675 760/676
f 760/676 759/675 761/677
f 762/678 756/672 755/671
f 763/679 764/680 765/681
f 766/682 764/680 763/679
f 767/569 768/568 769/567
f 770/683 771/684 772/685
f 773/686 768/568 767/569
f 774/630 775/629 776/628
f 777/687 775/629 774/630
f 778/688 779/689 780/690
f 781/691 782/692 404/462
f 404/462 782/692 418/465
f 782/692 783/693 418/465
f 418/465 783/693 784/694
f 785/695 779/689 778/688
f 596/566 786/696 594/564
f 787/697 788/698 789/699
f 790/564 786/696 596/566
f 767/569 791/700 792/701
f 769/567 791/700 767/569
f 580/552 793/612 578/550
f 794/602 793/612 580/552
f 579/551 795/702 580/552
f 796/638 795/702 579/551
f 797/703 798/704 799/705
f 800/664 798/704 797/703
f 801/706 799/705 802/707
f 797/703 799/705 801/706
f 418/465 784/694 405/463
f 583/555 803/635 581/553
f 804/708 803/635 583/555
f 805/709 747/664 749/666
f 806/710 747/664 805/709
f 807/711 808/712 809/713
f 810/613 808/712 807/711
f 811/599 812/598 813/597
f 814/714 812/598 811/599
f 815/715 816/716 817/717
f 818/648 816/716 815/715
f 818/648 819/647 816/716
f 820/584 819/647 818/648
f 811/599 821/718 822/545
f 823/465 824/462 825/463
f 813/597 821/718 811/599
f 824/462 826/719 827/464
f 745/662 828/649 743/660
f 829/651 828/649 745/662
f 823/465 830/692 824/462
f 830/692 831/691 824/462
f 824/462 831/691 832/720
f 831/691 833/721 832/720
f 834/722 809/713 835/723
f 807/711 809/713 834/722
f 655/602 657/604 679/552
f 678/612 655/602 679/552
f 660/606 655/602 678/612
f 726/649 728/651 836/662
f 837/660 726/649 836/662
f 729/652 726/649 837/660
f 677/550 679/552 838/551
f 839/711 677/550 838/551
f 680/613 677/550 839/711
f 685/615 687/617 840/724
f 730/653 685/615 840/724
f 691/619 685/615 730/653
f 841/610 842/609 843/608
f 844/725 841/610 843/608
f 845/726 841/610 844/725
f 846/727 847/728 746/663
f 743/660 846/727 746/663
f 848/729 846/727 743/660
f 587/558 586/557 766/682
f 849/730 587/558 766/682
f 850/565 587/558 849/730
f 837/660 836/662 851/661
f 852/663 837/660 851/661
f 853/727 837/660 852/663
f 854/731 855/732 856/733
f 857/732 854/731 856/733
f 858/734 854/731 857/732
f 600/569 599/568 859/686
f 860/735 600/569 859/686
f 861/736 600/569 860/735
f 602/571 601/570 862/725
f 863/726 602/571 862/725
f 864/737 602/571 863/726
f 865/738 866/572 867/722
f 868/739 865/738 867/722
f 869/740 865/738 868/739
f 609/578 608/577 870/606
f 871/603 609/578 870/606
f 872/741 609/578 871/603
f 873/742 874/636 815/715
f 875/743 873/742 815/715
f 876/707 873/742 875/743
f 877/619 878/744 879/654
f 880/653 877/619 879/654
f 881/615 877/619 880/653
f 882/745 883/746 884/747
f 535/536 532/534 885/748
f 886/749 882/745 884/747
f 887/742 882/745 886/749
f 531/533 888/750 889/751
f 853/727 852/663 890/728
f 891/562 853/727 890/728
f 531/533 892/752 532/534
f 893/563 853/727 891/562
f 894/729 895/753 837/660
f 853/727 894/729 837/660
f 497/511 498/512 896/754
f 896/754 498/512 897/755
f 498/512 898/754 897/755
f 897/755 898/754 899/756
f 898/754 900/757 899/756
f 899/756 900/757 901/758
f 902/559 894/729 853/727
f 633/589 632/588 903/600
f 510/523 904/759 508/521
f 508/521 904/759 905/760
f 904/759 906/761 905/760
f 905/760 906/761 907/762
f 906/761 908/760 907/762
f 907/762 908/760 909/763
f 908/760 910/764 909/763
f 911/573 633/589 903/600
f 912/575 633/589 911/573
f 736/526 913/765 914/766
f 914/766 913/765 915/767
f 913/765 916/768 915/767
f 915/767 916/768 917/765
f 639/595 638/594 918/601
f 899/756 914/766 919/769
f 914/766 915/767 919/769
f 919/769 915/767 920/766
f 915/767 917/765 920/766
f 920/766 917/765 513/526
f 498/512 921/511 898/754
f 898/754 921/511 922/770
f 921/511 923/514 922/770
f 924/771 639/595 918/601
f 925/623 639/595 924/771
f 513/526 926/758 920/766
f 920/766 926/758 927/756
f 643/599 642/598 928/714
f 927/756 929/757 896/754
f 657/604 643/599 928/714
f 930/772 643/599 657/604
f 647/589 646/588 931/587
f 932/639 647/589 931/587
f 933/773 647/589 932/639
f 583/555 582/554 934/774
f 935/581 583/555 934/774
f 920/766 927/756 919/769
f 919/769 927/756 897/755
f 927/756 896/754 897/755
f 936/775 508/521 937/764
f 937/764 508/521 905/760
f 909/763 938/776 907/762
f 907/762 938/776 939/763
f 940/775 910/764 740/521
f 740/521 910/764 908/760
f 738/523 740/521 941/759
f 941/759 740/521 908/760
f 907/762 939/763 905/760
f 905/760 939/763 937/764
f 906/761 941/759 908/760
f 804/708 583/555 935/581
f 897/755 899/756 919/769
f 654/595 653/594 942/593
f 943/611 654/595 942/593
f 944/777 654/595 943/611
f 828/649 829/651 945/650
f 946/652 828/649 945/650
f 743/660 828/649 946/652
f 531/533 947/778 948/779
f 949/745 950/634 874/636
f 951/746 950/634 949/745
f 952/747 951/746 949/745
f 953/780 951/746 952/747
f 647/589 957/573 645/600
f 958/575 957/573 647/589
f 933/773 958/575 647/589
f 959/781 958/575 933/773
f 960/679 961/782 962/681
f 537/530 535/536 963/532
f 964/783 961/782 960/679
f 965/682 964/783 960/679
f 966/784 964/783 965/682
f 967/785 968/786 969/787
f 970/788 968/786 967/785
f 801/706 970/788 967/785
f 802/707 970/788 801/706
f 654/595 971/771 652/601
f 972/623 971/771 654/595
f 944/777 972/623 654/595
f 694/622 972/623 944/777
f 705/632 973/789 706/633
f 722/646 973/789 705/632
f 714/543 722/646 705/632
f 720/644 722/646 714/543
f 589/559 848/729 590/560
f 846/727 848/729 589/559
f 588/557 846/727 589/559
f 965/682 846/727 588/557
f 845/726 974/790 841/610
f 975/737 974/790 845/726
f 976/571 975/737 845/726
f 977/574 975/737 976/571
f 596/566 850/565 790/564
f 587/558 850/565 596/566
f 595/565 587/558 596/566
f 978/730 587/558 595/565
f 979/749 980/786 981/791
f 982/788 980/786 979/749
f 873/742 982/788 979/749
f 876/707 982/788 873/742
f 747/664 983/704 750/667
f 984/703 983/704 747/664
f 806/710 984/703 747/664
f 985/792 984/703 806/710
f 767/569 986/735 773/686
f 987/736 986/735 767/569
f 792/701 987/736 767/569
f 988/793 987/736 792/701
f 508/521 989/658 509/522
f 940/775 990/794 910/764
f 910/764 990/794 991/795
f 775/629 992/631 776/628
f 993/796 992/631 775/629
f 777/687 993/796 775/629
f 994/797 993/796 777/687
f 593/563 995/798 591/561
f 846/727 995/798 593/563
f 592/562 846/727 593/563
f 940/775 996/799 990/794
f 847/728 846/727 592/562
f 633/589 715/639 631/587
f 939/763 997/795 937/764
f 937/764 997/795 998/794
f 999/773 715/639 633/589
f 912/575 999/773 633/589
f 508/521 936/775 989/658
f 1000/781 999/773 912/575
f 936/775 1001/799 1002/800
f 937/764 998/794 936/775
f 936/775 998/794 1001/799
f 624/580 1003/801 625/581
f 1004/668 1003/801 624/580
f 1005/669 1004/668 624/580
f 1006/670 1004/668 1005/669
f 600/569 1007/700 598/567
f 1008/701 1007/700 600/569
f 861/736 1008/701 600/569
f 1009/793 1008/701 861/736
f 881/615 1010/617 1011/616
f 1012/724 1010/617 881/615
f 880/653 1012/724 881/615
f 1013/665 1012/724 880/653
f 935/581 1014/582 804/708
f 753/580 1014/582 935/581
f 1015/801 753/580 935/581
f 751/668 753/580 1015/801
f 884/747 981/791 886/749
f 953/780 981/791 884/747
f 740/521 741/658 940/775
f 940/775 741/658 1016/800
f 883/746 953/780 884/747
f 1017/657 953/780 883/746
f 910/764 991/795 909/763
f 909/763 991/795 1018/802
f 909/763 1018/802 938/776
f 938/776 1018/802 1019/803
f 701/629 1020/687 702/630
f 1021/796 1020/687 701/629
f 703/631 1021/796 701/629
f 1022/546 1021/796 703/631
f 938/776 1023/802 939/763
f 578/550 807/711 579/551
f 810/613 807/711 578/550
f 793/612 810/613 578/550
f 1024/614 1025/613 793/612
f 1026/804 1027/805 1028/626
f 780/690 1027/805 1026/804
f 1029/806 780/690 1026/804
f 778/688 780/690 1029/806
f 811/599 1030/604 814/714
f 1031/772 1030/604 811/599
f 822/545 1031/772 811/599
f 572/544 1031/772 822/545
f 639/595 674/611 637/593
f 1032/777 674/611 639/595
f 925/623 1032/777 639/595
f 1033/622 1032/777 925/623
f 1034/807 1035/808 1036/809
f 1037/810 1035/808 1034/807
f 1038/811 1037/810 1034/807
f 1039/812 1037/810 1038/811
f 1021/796 1040/797 1020/687
f 1041/813 1040/797 1021/796
f 1022/546 1041/813 1021/796
f 1042/548 1041/813 1022/546
f 643/599 1043/718 641/597
f 1044/545 1043/718 643/599
f 930/772 1044/545 643/599
f 1045/544 1044/545 930/772
f 706/633 1046/600 704/588
f 1047/814 1046/600 706/633
f 973/789 1047/814 706/633
f 1048/676 1049/675 1050/674
f 1051/740 1052/814 973/789
f 1053/697 1054/815 1055/698
f 949/745 874/636 873/742
f 979/749 949/745 873/742
f 952/747 949/745 979/749
f 981/791 952/747 979/749
f 953/780 952/747 981/791
f 843/608 842/609 943/611
f 1056/570 843/608 943/611
f 844/725 843/608 1056/570
f 976/571 844/725 1056/570
f 845/726 844/725 976/571
f 1057/734 855/732 854/731
f 1058/816 1057/734 854/731
f 1059/683 1060/685 1061/684
f 1062/817 1057/734 1058/816
f 1063/689 1062/817 1058/816
f 1064/690 1062/817 1063/689
f 1065/601 1066/771 1067/712
f 1068/713 1065/601 1067/712
f 1069/594 1065/601 1068/713
f 1070/723 1069/594 1068/713
f 1071/593 1069/594 1070/723
f 679/552 657/604 1072/714
f 1073/702 679/552 1072/714
f 838/551 679/552 1073/702
f 713/638 838/551 1073/702
f 700/628 838/551 713/638
f 848/729 743/660 1074/753
f 1075/809 848/729 1074/753
f 590/560 848/729 1075/809
f 1034/807 590/560 1075/809
f 1036/809 590/560 1034/807
f 756/672 762/678 1076/673
f 1077/818 756/672 1076/673
f 1078/533 1079/750 1080/779
f 757/673 756/672 1077/818
f 1081/485 1082/487 1083/486
f 1083/486 1082/487 1084/488
f 1085/819 757/673 1077/818
f 1086/624 757/673 1085/819
f 893/563 891/562 1087/561
f 1088/798 893/563 1087/561
f 853/727 893/563 1088/798
f 1089/820 853/727 1088/798
f 1090/821 853/727 1089/820
f 574/546 573/545 992/631
f 993/796 574/546 992/631
f 1091/813 574/546 993/796
f 994/797 1091/813 993/796
f 1092/822 1091/813 994/797
f 1091/813 1092/822 577/549
f 576/548 1091/813 577/549
f 1083/486 1084/488 1093/490
f 1081/485 1083/486 1094/483
f 1094/483 1083/486 1095/489
f 1083/486 1093/490 1095/489
f 1095/489 1093/490 1096/494
f 1081/485 1094/483 1097/484
f 1097/484 1094/483 457/479
f 1094/483 458/480 457/479
f 574/546 1091/813 576/548
f 1093/490 1098/495 1096/494
f 575/547 574/546 576/548
f 1095/489 1099/493 459/481
f 1095/489 459/481 1094/483
f 1094/483 459/481 458/480
f 634/590 636/592 692/620
f 572/544 574/546 575/547
f 636/592 430/470 1100/823
f 763/679 765/681 1101/782
f 1102/783 763/679 1101/782
f 766/682 763/679 1102/783
f 1103/784 766/682 1102/783
f 849/730 766/682 1103/784
f 992/631 573/545 1104/718
f 1105/637 992/631 1104/718
f 776/628 992/631 1105/637
f 796/638 776/628 1105/637
f 579/551 776/628 796/638
f 1106/590 1107/824 1108/825
f 1109/826 568/541 1110/827
f 569/542 568/541 1109/826
f 932/639 569/542 1109/826
f 570/543 569/542 932/639
f 1111/587 570/543 932/639
f 1112/592 1113/591 1106/590
f 1106/590 1113/591 1107/824
f 1114/632 570/543 1111/587
f 1109/826 1115/828 932/639
f 1116/829 1115/828 1109/826
f 1110/827 1116/829 1109/826
f 1078/533 1117/778 1118/535
f 1119/826 1116/829 1110/827
f 568/541 1119/826 1110/827
f 1120/542 1119/826 568/541
f 880/653 1121/667 1013/665
f 1122/655 1121/667 880/653
f 1112/592 1123/823 1124/470
f 1124/470 1123/823 1125/471
f 879/654 1122/655 880/653
f 1126/830 1122/655 879/654
f 1124/470 1125/471 421/468
f 421/468 1125/471 1127/472
f 878/744 1126/830 879/654
f 1128/716 1126/830 878/744
f 1106/590 1129/620 1112/592
f 1112/592 1129/620 1123/823
f 1130/831 696/624 1131/810
f 699/627 696/624 1130/831
f 1131/810 699/627 1130/831
f 1132/832 699/627 1131/810
f 471/481 476/480 1133/475
f 1133/475 476/480 1134/476
f 476/480 464/479 1134/476
f 1134/476 464/479 1135/478
f 421/468 1127/472 419/466
f 419/466 1127/472 1136/833
f 1137/808 1132/832 1131/810
f 718/642 1132/832 1137/808
f 691/619 1138/585 689/586
f 1139/744 1138/585 691/619
f 1140/473 1133/475 1141/474
f 1133/475 1134/476 1141/474
f 1141/474 1134/476 1142/477
f 1134/476 1135/478 1142/477
f 731/654 1139/744 691/619
f 1143/830 1139/744 731/654
f 732/655 1143/830 731/654
f 1144/705 1143/830 732/655
f 1153/297 1154/305 1155/298
f 1155/298 1154/305 1156/297
f 1154/305 1157/285 1156/297
f 1156/297 1157/285 1158/295
f 1157/285 1159/286 1158/295
f 1158/295 1159/286 1160/300
f 1161/300 1162/286 1163/295
f 1163/295 1162/286 1153/297
f 1162/286 1164/285 1153/297
f 1153/297 1164/285 1154/305
f 1165/834 1166/835 1167/836
f 1167/836 1166/835 1168/837
f 1166/835 1169/838 1168/837
f 1168/837 1169/838 1170/839
f 1169/838 1171/840 1170/839
f 1170/839 1171/840 1172/841
f 1171/840 1173/842 1172/841
f 1172/841 1173/842 1174/843
f 1173/842 1175/844 1174/843
f 1174/843 1175/844 1176/845
f 1175/844 1177/846 1176/845
f 1176/845 1177/846 1178/847
f 1177/846 1179/848 1178/847
f 1178/847 1179/848 1180/849
f 1179/848 1181/850 1180/849
f 1180/849 1181/850 1182/851
f 1181/850 1183/852 1182/851
f 1177/846 1175/844 1179/848
f 1179/848 1175/844 1184/853
f 1175/844 1173/842 1184/853
f 1184/853 1173/842 1185/854
f 1173/842 1186/855 1185/854
f 1185/854 1186/855 1187/856
f 1174/843 1176/845 1172/841
f 1172/841 1176/845 1188/857
f 1176/845 1189/858 1188/857
f 1188/857 1189/858 1170/839
f 1189/858 1190/859 1170/839
f 1165/834 1167/836 1191/860
f 1191/860 1167/836 1192/861
f 1167/836 1170/839 1192/861
f 1176/845 1178/847 1193/862
f 1193/862 1178/847 1182/851
f 1178/847 1180/849 1182/851
f 1190/859 1189/858 1194/863
f 1194/863 1189/858 1195/864
f 1189/858 1176/845 1195/864
f 1179/848 1196/865 1181/850
f 1181/850 1196/865 1197/866
f 1187/856 1198/867 1185/854
f 1185/854 1198/867 1179/848
f 1166/835 1199/868 1169/838
f 1169/838 1199/868 1173/842
f 1170/839 1167/836 1168/837
f 1181/850 1197/866 1183/852
f 1184/853 1185/854 1179/848
f 1171/840 1169/838 1173/842
f 1172/841 1188/857 1170/839
f 1200/851 1201/847 1202/862
f 1202/862 1201/847 1203/845
f 1201/847 1204/846 1203/845
f 1203/845 1204/846 1205/844
f 1204/846 1206/848 1205/844
f 1205/844 1206/848 1207/853
f 1206/848 1208/854 1207/853
f 1207/853 1208/854 1209/842
f 1208/854 1210/855 1209/842
f 1207/853 1209/842 1205/844
f 1205/844 1209/842 1211/843
f 1209/842 1212/841 1211/843
f 1211/843 1212/841 1203/845
f 1212/841 1213/857 1203/845
f 1203/845 1213/857 1214/858
f 1213/857 1215/839 1214/858
f 1214/858 1215/839 1216/859
f 1213/857 1212/841 1215/839
f 1215/839 1212/841 1217/840
f 1212/841 1209/842 1217/840
f 1217/840 1209/842 1218/838
f 1209/842 1219/868 1218/838
f 1218/838 1219/868 1220/835
f 1217/840 1218/838 1215/839
f 1215/839 1218/838 1221/837
f 1218/838 1220/835 1221/837
f 1221/837 1220/835 1222/836
f 1220/835 1223/834 1222/836
f 1222/836 1223/834 1224/860
f 1204/846 1201/847 1206/848
f 1206/848 1201/847 1225/849
f 1201/847 1200/851 1225/849
f 1225/849 1200/851 1226/850
f 1200/851 1227/852 1226/850
f 1226/850 1227/852 1228/866
f 1210/855 1208/854 1229/856
f 1229/856 1208/854 1230/867
f 1208/854 1206/848 1230/867
f 1225/849 1226/850 1206/848
f 1206/848 1226/850 1231/865
f 1226/850 1228/866 1231/865
f 1216/859 1232/863 1214/858
f 1214/858 1232/863 1233/864
f 1224/860 1234/861 1222/836
f 1222/836 1234/861 1215/839
f 1215/839 1221/837 1222/836
f 1233/864 1203/845 1214/858
f 1205/844 1211/843 1203/845
f 1235/837 1236/839 1237/838
f 1237/838 1236/839 1238/840
f 1239/867 1240/856 1241/854
f 1241/854 1240/856 1242/855
f 1243/846 1244/848 1245/844
f 1245/844 1244/848 1246/853
f 1247/843 1248/842 1249/841
f 1249/841 1248/842 1250/840
f 1251/834 1252/860 1253/836
f 1253/836 1252/860 1254/861
f 1255/849 1256/851 1257/850
f 1257/850 1256/851 1258/852
f 1259/862 1260/851 1261/847
f 1261/847 1260/851 1262/849
f 1263/859 1264/863 1265/858
f 1265/858 1264/863 1266/864
f 1267/868 1268/835 1269/838
f 1269/838 1268/835 1270/837
f 1271/840 1272/842 1273/838
f 1273/838 1272/842 1274/868
f 1275/853 1276/848 1277/854
f 1277/854 1276/848 1278/867
f 1279/855 1280/842 1281/854
f 1281/854 1280/842 1282/853
f 1283/843 1284/845 1285/844
f 1285/844 1284/845 1286/846
f 1287/853 1288/842 1289/844
f 1289/844 1288/842 1290/843
f 1291/857 1292/845 1293/841
f 1293/841 1292/845 1294/843
f 1295/840 1296/839 1297/841
f 1297/841 1296/839 1298/857
f 1299/837 1300/835 1301/836
f 1301/836 1300/835 1302/834
f 1303/861 1304/839 1305/836
f 1305/836 1304/839 1306/837
f 1307/865 1308/848 1309/850
f 1309/850 1308/848 1310/849
f 1311/852 1312/866 1313/850
f 1313/850 1312/866 1314/865
f 1315/846 1316/845 1317/847
f 1317/847 1316/845 1318/862
f 1319/849 1320/848 1321/847
f 1321/847 1320/848 1322/846
f 1323/857 1324/839 1325/858
f 1325/858 1324/839 1326/859
f 1327/864 1328/845 1329/858
f 1329/858 1328/845 1330/857
f 1331/837 1332/838 1333/839
f 1333/839 1332/838 1334/840
f 1335/867 1336/854 1337/856
f 1337/856 1336/854 1338/855
f 1339/846 1340/844 1341/848
f 1341/848 1340/844 1342/853
f 1343/843 1344/841 1345/842
f 1345/842 1344/841 1346/840
f 1347/834 1348/836 1349/860
f 1349/860 1348/836 1350/861
f 1351/849 1352/850 1353/851
f 1353/851 1352/850 1354/852
f 1355/862 1356/847 1357/851
f 1357/851 1356/847 1358/849
f 1359/859 1360/858 1361/863
f 1361/863 1360/858 1362/864
f 1363/868 1364/838 1365/835
f 1365/835 1364/838 1366/837
f 1367/840 1368/838 1369/842
f 1369/842 1368/838 1370/868
f 1371/853 1372/854 1373/848
f 1373/848 1372/854 1374/867
f 1375/855 1376/854 1377/842
f 1377/842 1376/854 1378/853
f 1379/843 1380/844 1381/845
f 1381/845 1380/844 1382/846
f 1383/853 1384/844 1385/842
f 1385/842 1384/844 1386/843
f 1387/857 1388/841 1389/845
f 1389/845 1388/841 1390/843
f 1391/840 1392/841 1393/839
f 1393/839 1392/841 1394/857
f 1395/837 1396/836 1397/835
f 1397/835 1396/836 1398/834
f 1399/861 1400/836 1401/839
f 1401/839 1400/836 1402/837
f 1403/865 1404/850 1405/848
f 1405/848 1404/850 1406/849
f 1407/852 1408/850 1409/866
f 1409/866 1408/850 1410/865
f 1411/846 1412/847 1413/845
f 1413/845 1412/847 1414/862
f 1415/849 1416/847 1417/848
f 1417/848 1416/847 1418/846
f 1419/857 1420/858 1421/839
f 1421/839 1420/858 1422/859
f 1423/864 1424/858 1425/845
f 1425/845 1424/858 1426/857
f 1427/869 1428/870 1429/871
f 1429/871 1428/870 1430/872
f 1429/871 1430/872 1431/873
f 1431/873 1430/872 1432/874
f 1431/873 1432/874 1433/875
f 1433/875 1432/874 1434/876
f 1433/875 1434/876 1435/877
f 1435/877 1434/876 1436/878
f 1435/877 1436/878 1437/879
f 1437/879 1436/878 1438/880
f 1437/879 1438/880 1439/881
f 1439/881 1438/880 1440/882
f 1439/881 1440/882 1441/883
f 1441/883 1440/882 1442/884
f 1441/883 1442/884 1443/885
f 1443/885 1442/884 1444/886
f 1445/887 1446/888 1447/889
f 1447/889 1446/888 1448/137
f 1446/888 1449/136 1448/137
f 1448/137 1449/136 1450/138
f 1449/136 1451/890 1450/138
f 1450/138 1451/890 1452/891
f 1451/890 1453/892 1452/891
f 1452/891 1453/892 1454/893
f 1453/892 1455/894 1454/893
f 1454/893 1455/894 1456/895
f 1455/894 1457/896 1456/895
f 1456/895 1457/896 1458/897
f 1457/896 1459/898 1458/897
f 1458/897 1459/898 1460/896
f 1459/898 1461/899 1460/896
f 1460/896 1461/899 1462/900
f 1461/899 1463/901 1462/900
f 1462/900 1463/901 1464/902
f 1465/903 1466/904 1467/905
f 1467/905 1466/904 1468/906
f 1466/904 1469/907 1468/906
f 1468/906 1469/907 1470/908
f 1469/907 1471/909 1470/908
f 1470/908 1471/909 1472/910
f 1471/909 1473/911 1472/910
f 1472/910 1473/911 1474/909
f 1473/911 1475/912 1474/909
f 1474/909 1475/912 1476/913
f 1475/912 1477/914 1476/913
f 1476/913 1477/914 1478/915
f 1477/914 1479/916 1478/915
f 1478/915 1479/916 1480/917
f 1479/916 1481/918 1480/917
f 1480/917 1481/918 1482/919
f 1483/899 1484/900 1485/901
f 1485/901 1484/900 1486/902
f 1484/900 1487/920 1486/902
f 1486/902 1487/920 1488/921
f 1487/920 1489/922 1488/921
f 1488/921 1489/922 1490/923
f 1489/922 1491/924 1490/923
f 1490/923 1491/924 1492/925
f 1491/924 1493/926 1492/925
f 1492/925 1493/926 1494/927
f 1493/926 1495/928 1494/927
f 1494/927 1495/928 1496/929
f 1495/928 1497/930 1496/929
f 1498/931 1499/888 1500/932
f 1500/932 1499/888 1501/933
f 1499/888 1502/136 1501/933
f 1501/933 1502/136 1503/934
f 1502/136 1504/890 1503/934
f 1503/934 1504/890 1505/935
f 1504/890 1506/892 1505/935
f 1505/935 1506/892 1507/936
f 1506/892 1508/894 1507/936
f 1507/936 1508/894 1460/896
f 1508/894 1456/895 1460/896
f 1460/896 1456/895 1458/897
f 1509/937 1510/917 1511/938
f 1511/938 1510/917 1512/915
f 1510/917 1513/916 1512/915
f 1512/915 1513/916 1514/914
f 1513/916 1515/939 1514/914
f 1514/914 1515/939 1516/912
f 1515/939 1517/940 1516/912
f 1516/912 1517/940 1473/911
f 1517/940 1518/941 1473/911
f 1473/911 1518/941 1519/940
f 1518/941 1520/942 1519/940
f 1521/932 1501/933 1522/943
f 1522/943 1501/933 1523/944
f 1501/933 1503/934 1523/944
f 1523/944 1503/934 1524/945
f 1503/934 1505/935 1524/945
f 1524/945 1505/935 1525/946
f 1505/935 1507/936 1525/946
f 1525/946 1507/936 1526/920
f 1507/936 1462/900 1526/920
f 1526/920 1462/900 1464/902
f 1527/947 1528/948 1529/949
f 1529/949 1528/948 1481/918
f 1528/948 1530/950 1481/918
f 1481/918 1530/950 1482/919
f 1530/950 1531/951 1482/919
f 1482/919 1531/951 1532/952
f 1531/951 1533/953 1532/952
f 1532/952 1533/953 1534/937
f 1533/953 1535/954 1534/937
f 1459/898 1457/896 1483/899
f 1483/899 1457/896 1484/900
f 1457/896 1536/936 1484/900
f 1484/900 1536/936 1487/920
f 1536/936 1537/946 1487/920
f 1487/920 1537/946 1538/955
f 1537/946 1539/956 1538/955
f 1538/955 1539/956 1533/953
f 1539/956 1540/954 1533/953
f 1541/957 1542/958 1543/959
f 1543/959 1542/958 1544/960
f 1542/958 1545/961 1544/960
f 1544/960 1545/961 1546/962
f 1545/961 1512/915 1546/962
f 1546/962 1512/915 1547/913
f 1512/915 1514/914 1547/913
f 1547/913 1514/914 1516/912
f 1548/959 1544/960 1549/903
f 1549/903 1544/960 1466/904
f 1544/960 1546/962 1466/904
f 1466/904 1546/962 1469/907
f 1546/962 1547/913 1469/907
f 1469/907 1547/913 1471/909
f 1547/913 1516/912 1471/909
f 1471/909 1516/912 1473/911
f 1550/947 1551/948 1552/963
f 1552/963 1551/948 1553/950
f 1551/948 1554/918 1553/950
f 1553/950 1554/918 1555/919
f 1554/918 1510/917 1555/919
f 1555/919 1510/917 1556/952
f 1510/917 1557/937 1556/952
f 1558/937 1559/938 1480/917
f 1480/917 1559/938 1478/915
f 1559/938 1560/961 1478/915
f 1478/915 1560/961 1561/962
f 1560/961 1562/960 1561/962
f 1561/962 1562/960 1563/904
f 1495/928 1493/926 1564/964
f 1564/964 1493/926 1565/965
f 1493/926 1566/966 1565/965
f 1565/965 1566/966 1531/951
f 1566/966 1538/955 1531/951
f 1531/951 1538/955 1533/953
f 1567/953 1568/955 1569/951
f 1569/951 1568/955 1570/966
f 1568/955 1571/922 1570/966
f 1570/966 1571/922 1572/924
f 1571/922 1573/923 1572/924
f 1572/924 1573/923 1574/925
f 1575/967 1576/964 1577/930
f 1577/930 1576/964 1578/928
f 1576/964 1579/926 1578/928
f 1578/928 1579/926 1580/927
f 1579/926 1574/925 1580/927
f 1581/954 1567/953 1582/937
f 1582/937 1567/953 1556/952
f 1567/953 1569/951 1556/952
f 1556/952 1569/951 1555/919
f 1569/951 1553/950 1555/919
f 1583/968 1515/939 1584/969
f 1584/969 1515/939 1585/949
f 1515/939 1513/916 1585/949
f 1585/949 1513/916 1554/918
f 1513/916 1510/917 1554/918
f 1574/925 1579/926 1572/924
f 1572/924 1579/926 1570/966
f 1579/926 1586/965 1570/966
f 1570/966 1586/965 1569/951
f 1586/965 1553/950 1569/951
f 1587/954 1588/945 1589/944
f 1589/944 1588/945 1590/934
f 1588/945 1591/935 1590/934
f 1590/934 1591/935 1451/890
f 1591/935 1453/892 1451/890
f 1478/915 1561/962 1476/913
f 1476/913 1561/962 1592/907
f 1561/962 1563/904 1592/907
f 1592/907 1563/904 1468/906
f 1593/954 1594/956 1567/953
f 1567/953 1594/956 1568/955
f 1594/956 1525/946 1568/955
f 1568/955 1525/946 1526/920
f 1481/918 1479/916 1529/949
f 1529/949 1479/916 1595/939
f 1479/916 1477/914 1595/939
f 1595/939 1477/914 1475/912
f 1531/951 1530/950 1565/965
f 1565/965 1530/950 1564/964
f 1530/950 1596/963 1564/964
f 1472/910 1474/909 1470/908
f 1470/908 1474/909 1592/907
f 1474/909 1476/913 1592/907
f 1579/926 1576/964 1586/965
f 1586/965 1576/964 1553/950
f 1576/964 1597/963 1553/950
f 1573/923 1571/922 1598/921
f 1598/921 1571/922 1526/920
f 1571/922 1568/955 1526/920
f 1451/890 1449/136 1590/934
f 1590/934 1449/136 1599/933
f 1449/136 1446/888 1599/933
f 1591/935 1536/936 1453/892
f 1453/892 1536/936 1455/894
f 1536/936 1457/896 1455/894
f 1482/919 1532/952 1480/917
f 1480/917 1532/952 1600/937
f 1601/947 1602/963 1528/948
f 1528/948 1602/963 1530/950
f 1487/920 1538/955 1489/922
f 1489/922 1538/955 1566/966
f 1603/954 1539/956 1588/945
f 1588/945 1539/956 1537/946
f 1515/939 1604/968 1517/940
f 1517/940 1604/968 1605/942
f 1489/922 1566/966 1491/924
f 1491/924 1566/966 1493/926
f 1577/930 1578/928 1606/929
f 1606/929 1578/928 1580/927
f 1607/947 1585/949 1551/948
f 1551/948 1585/949 1554/918
f 1512/915 1545/961 1511/938
f 1511/938 1545/961 1608/937
f 1609/959 1610/903 1562/960
f 1562/960 1610/903 1563/904
f 1473/911 1519/940 1475/912
f 1475/912 1519/940 1595/939
f 1611/932 1612/943 1599/933
f 1599/933 1612/943 1589/944
f 1613/968 1614/969 1595/939
f 1595/939 1614/969 1529/949
f 1615/931 1616/932 1446/888
f 1446/888 1616/932 1599/933
f 1617/957 1618/959 1619/958
f 1619/958 1618/959 1562/960
f 1620/942 1621/968 1519/940
f 1519/940 1621/968 1595/939
f 1622/903 1623/905 1563/904
f 1563/904 1623/905 1468/906
f 1562/960 1560/961 1619/958
f 1619/958 1560/961 1624/937
f 1588/945 1537/946 1591/935
f 1591/935 1537/946 1536/936
f 1625/967 1497/930 1564/964
f 1564/964 1497/930 1495/928
f 1626/887 1447/889 1499/888
f 1499/888 1447/889 1448/137
f 1499/888 1448/137 1502/136
f 1502/136 1450/138 1504/890
f 1504/890 1450/138 1452/891
f 1504/890 1452/891 1506/892
f 1506/892 1452/891 1454/893
f 1456/895 1508/894 1454/893
f 1454/893 1508/894 1506/892
f 1525/946 1594/956 1524/945
f 1524/945 1594/956 1630/954
f 1631/970 1518/941 1632/942
f 1632/942 1518/941 1517/940
f 1589/944 1633/943 1634/954
f 1635/957 1619/958 1636/937
f 1529/949 1637/969 1638/947
f 1446/888 1639/887 1640/931
f 1641/967 1564/964 1642/963
f 1643/937 1542/958 1644/957
f 1645/947 1646/969 1585/949
f 1647/931 1648/887 1499/888
f 1649/954 1650/943 1523/944
f 1651/963 1576/964 1652/967
f 1653/970 1520/942 1518/941
f 1654/937 1560/961 1559/938
f 1655/954 1523/944 1524/945
f 1507/936 1460/896 1656/900
f 1526/920 1657/902 1598/921
f 1599/933 1589/944 1590/934
f 1592/907 1468/906 1470/908
f 1658/937 1545/961 1542/958
f 1659/971 1660/972 1661/973
f 1661/973 1660/972 1662/974
f 1660/972 1663/975 1662/974
f 1662/974 1663/975 1664/976
f 1663/975 1665/977 1664/976
f 1664/976 1665/977 1666/978
f 1665/977 1667/976 1666/978
f 1666/978 1667/976 1668/979
f 1667/976 1669/980 1668/979
f 1670/981 1671/982 1672/971
f 1672/971 1671/982 1660/972
f 1671/982 1673/983 1660/972
f 1660/972 1673/983 1663/975
f 1673/983 1674/984 1663/975
f 1663/975 1674/984 1675/985
f 1674/984 1676/986 1675/985
f 1675/985 1676/986 1677/987
f 1676/986 1678/988 1677/987
f 1679/141 1680/989 1681/990
f 1681/990 1680/989 1682/991
f 1680/989 1683/992 1682/991
f 1682/991 1683/992 1684/993
f 1683/992 1685/994 1684/993
f 1684/993 1685/994 1686/995
f 1685/994 1687/996 1686/995
f 1686/995 1687/996 1688/997
f 1687/996 1689/998 1688/997
f 1690/999 1691/1000 1692/991
f 1692/991 1691/1000 1693/993
f 1691/1000 1694/1001 1693/993
f 1693/993 1694/1001 1695/995
f 1694/1001 1696/997 1695/995
f 1695/995 1696/997 1697/996
f 1696/997 1698/998 1697/996
f 1697/996 1698/998 1699/1002
f 1700/1003 1701/986 1702/988
f 1702/988 1701/986 1703/987
f 1701/986 1704/985 1703/987
f 1703/987 1704/985 1705/1004
f 1704/985 1665/977 1705/1004
f 1705/1004 1665/977 1675/985
f 1665/977 1663/975 1675/985
f 1681/990 1682/991 1706/999
f 1706/999 1682/991 1707/1000
f 1682/991 1684/993 1707/1000
f 1707/1000 1684/993 1708/1001
f 1684/993 1686/995 1708/1001
f 1708/1001 1686/995 1688/997
f 1709/143 1710/994 1711/1005
f 1711/1005 1710/994 1712/1006
f 1710/994 1697/996 1712/1006
f 1712/1006 1697/996 1713/1007
f 1697/996 1714/1002 1713/1007
f 1715/142 1716/989 1717/992
f 1717/992 1716/989 1692/991
f 1716/989 1718/990 1692/991
f 1692/991 1718/990 1690/999
f 1718/990 1719/1008 1690/999
f 1720/1002 1687/996 1721/1007
f 1721/1007 1687/996 1722/1006
f 1687/996 1685/994 1722/1006
f 1722/1006 1685/994 1723/1005
f 1685/994 1724/143 1723/1005
f 1725/1009 1703/987 1726/1010
f 1726/1010 1703/987 1727/1011
f 1703/987 1705/1004 1727/1011
f 1727/1011 1705/1004 1677/987
f 1705/1004 1675/985 1677/987
f 1728/972 1729/983 1730/982
f 1730/982 1729/983 1731/984
f 1729/983 1732/975 1731/984
f 1731/984 1732/975 1704/985
f 1732/975 1665/977 1704/985
f 1697/996 1710/994 1695/995
f 1695/995 1710/994 1693/993
f 1710/994 1717/992 1693/993
f 1693/993 1717/992 1692/991
f 1733/1012 1734/1013 1735/1014
f 1735/1014 1734/1013 1736/1015
f 1734/1013 1737/1016 1736/1015
f 1736/1015 1737/1016 1738/140
f 1739/1008 1740/1017 1741/1018
f 1741/1018 1740/1017 1742/1019
f 1740/1017 1743/1018 1742/1019
f 1742/1019 1743/1018 1744/141
f 1673/983 1671/982 1674/984
f 1674/984 1671/982 1676/986
f 1671/982 1745/981 1676/986
f 1676/986 1745/981 1746/1003
f 1747/1012 1748/1020 1749/1014
f 1749/1014 1748/1020 1750/1021
f 1748/1020 1751/1022 1750/1021
f 1750/1021 1751/1022 1752/1023
f 1753/1024 1723/1005 1754/1023
f 1754/1023 1723/1005 1750/1021
f 1723/1005 1755/1014 1750/1021
f 1756/1025 1757/1026 1758/1012
f 1758/1012 1757/1026 1748/1020
f 1757/1026 1759/1022 1748/1020
f 1760/141 1681/990 1741/1018
f 1741/1018 1681/990 1739/1008
f 1681/990 1706/999 1739/1008
f 1761/141 1743/1018 1718/990
f 1718/990 1743/1018 1719/1008
f 1743/1018 1740/1017 1719/1008
f 1762/1025 1763/1012 1757/1026
f 1757/1026 1763/1012 1764/1020
f 1765/1024 1766/1023 1711/1005
f 1711/1005 1766/1023 1767/1021
f 1768/1012 1769/1014 1734/1013
f 1734/1013 1769/1014 1770/1015
f 1771/140 1772/141 1773/1016
f 1773/1016 1772/141 1774/1027
f 1775/143 1776/142 1710/994
f 1710/994 1776/142 1717/992
f 1777/1012 1778/1014 1764/1020
f 1764/1020 1778/1014 1767/1021
f 1779/140 1780/1016 1781/141
f 1781/141 1780/1016 1774/1027
f 1687/996 1782/1002 1689/998
f 1689/998 1782/1002 1783/1028
f 1770/1015 1784/140 1734/1013
f 1734/1013 1784/140 1785/1016
f 1767/1021 1786/1014 1711/1005
f 1711/1005 1786/1014 1787/143
f 1683/992 1788/142 1685/994
f 1685/994 1788/142 1789/143
f 1764/1020 1790/1022 1757/1026
f 1757/1026 1790/1022 1791/1029
f 1744/141 1774/1027 1742/1019
f 1742/1019 1774/1027 1792/141
f 1723/1005 1793/1024 1722/1006
f 1722/1006 1793/1024 1794/1007
f 1795/1030 1796/1028 1698/998
f 1698/998 1796/1028 1699/1002
f 1797/1003 1798/981 1701/986
f 1701/986 1798/981 1730/982
f 1799/973 1800/980 1801/974
f 1801/974 1800/980 1667/976
f 1802/981 1803/971 1730/982
f 1730/982 1803/971 1728/972
f 1764/1020 1767/1021 1804/1022
f 1804/1022 1767/1021 1805/1023
f 1711/1005 1712/1006 1806/1024
f 1806/1024 1712/1006 1807/1007
f 1664/976 1808/980 1662/974
f 1662/974 1808/980 1809/973
f 1810/971 1811/973 1728/972
f 1728/972 1811/973 1801/974
f 1666/978 1812/979 1664/976
f 1664/976 1812/979 1813/980
f 1814/1009 1815/1010 1677/987
f 1677/987 1815/1010 1727/1011
f 1729/983 1728/972 1732/975
f 1732/975 1728/972 1801/974
f 1730/982 1731/984 1701/986
f 1701/986 1731/984 1704/985
f 1801/974 1667/976 1732/975
f 1732/975 1667/976 1665/977
f 1816/139 1817/141 1716/989
f 1727/1011 1818/1031 1819/1010
f 1703/987 1820/1009 1821/988
f 1757/1026 1822/1032 1823/1029
f 1827/142 1828/139 1716/989
f 1832/1010 1833/1031 1727/1011
f 1834/988 1835/1009 1677/987
f 1680/989 1842/141 1843/139
f 1844/139 1845/143 1736/1015
f 1846/139 1770/1015 1847/143
f 1848/139 1849/140 1770/1015
f 1850/1029 1851/1032 1757/1026
f 1852/142 1680/989 1853/139
f 1854/140 1855/139 1736/1015
f 1856/143 1857/1014 1736/1015
f 1858/143 1770/1015 1859/1014
f 1734/1013 1860/1012 1861/1025
f 1862/1025 1863/1012 1734/1013
f 1864/1029 1759/1022 1757/1026
f 1865/1003 1678/988 1676/986
f 1866/143 1755/1014 1723/1005
f 1867/1030 1689/998 1783/1028
f 1741/1018 1742/1019 1792/141
f 1868/141 1718/990 1716/989
f 1869/142 1683/992 1680/989
f 1870/1033 1871/1034 1872/1035
f 1873/708 711/636 1874/715
f 1871/1034 1875/1036 1876/1037
f 709/635 711/636 1873/708
f 1877/555 709/635 1873/708
f 710/553 709/635 1877/555
f 1878/554 710/553 1877/555
f 1879/1038 1880/1039 1881/1040
f 1880/1039 1882/1041 1881/1040
f 1883/656 710/553 1878/554
f 1047/814 604/573 1046/600
f 1884/1042 1885/1043 1886/1044
f 1885/1043 1887/1045 1886/1044
f 1886/1044 1887/1045 1888/1046
f 1887/1045 1889/1047 1888/1046
f 1888/1046 1889/1047 1890/1048
f 1889/1047 1891/1049 1890/1048
f 1890/1048 1891/1049 1892/1050
f 605/574 604/573 1047/814
f 1893/740 605/574 1047/814
f 1894/738 605/574 1893/740
f 1895/739 1894/738 1893/740
f 1896/1051 1897/1052 1879/1038
f 1870/1033 1872/1035 1898/1053
f 1898/1053 1872/1035 1899/1054
f 834/722 1894/738 1895/739
f 1899/1054 1900/1055 1901/1056
f 605/574 864/737 606/575
f 602/571 864/737 605/574
f 1894/738 602/571 605/574
f 603/572 602/571 1894/738
f 834/722 603/572 1894/738
f 835/723 603/572 834/722
f 965/682 978/730 1902/784
f 587/558 978/730 965/682
f 588/557 587/558 965/682
f 1880/1039 1903/1057 1904/1058
f 585/556 587/558 588/557
f 590/560 585/556 588/557
f 586/557 585/556 590/560
f 780/690 1905/1059 1027/805
f 1879/1038 1881/1040 1906/1060
f 1907/817 1905/1059 780/690
f 779/689 1907/817 780/690
f 1908/1061 1884/1042 1909/1062
f 1884/1042 1886/1044 1909/1062
f 1909/1062 1886/1044 1888/1046
f 1910/816 1907/817 779/689
f 785/695 1910/816 779/689
f 1911/1063 1910/816 785/695
f 846/727 1912/820 995/798
f 1913/821 1912/820 846/727
f 1914/1064 1915/1065 1916/1066
f 1916/1066 1915/1065 1917/1067
f 1915/1065 1918/1068 1917/1067
f 965/682 1913/821 846/727
f 1919/680 1913/821 965/682
f 960/679 1919/680 965/682
f 1908/1061 1909/1062 1920/1069
f 1920/1069 1909/1062 1888/1046
f 962/681 1919/680 960/679
f 1026/804 1077/818 1029/806
f 1085/819 1077/818 1026/804
f 1028/626 1085/819 1026/804
f 1086/624 1085/819 1028/626
f 1921/625 1086/624 1028/626
f 1922/627 1086/624 1921/625
f 757/673 1086/624 1923/1070
f 1924/1071 757/673 1923/1070
f 755/671 757/673 1924/1071
f 1925/1072 755/671 1924/1071
f 762/678 755/671 1925/1072
f 1926/671 762/678 1925/1072
f 1076/673 762/678 1926/671
f 1022/546 1927/545 1045/544
f 1928/547 1022/546 1045/544
f 1929/548 1022/546 1928/547
f 1930/549 1929/548 1928/547
f 1041/813 1929/548 1930/549
f 1931/822 1041/813 1930/549
f 1885/1043 1932/1073 1887/1045
f 1040/797 1041/813 1931/822
f 1888/1046 1890/1048 1920/1069
f 1920/1069 1890/1048 1892/1050
f 1933/1074 1899/1054 1901/1056
f 1143/830 1144/705 817/717
f 816/716 1143/830 817/717
f 1139/744 1143/830 816/716
f 819/647 1139/744 816/716
f 1934/1075 1935/1076 1936/1077
f 1936/1077 1935/1076 1937/1078
f 1138/585 1139/744 819/647
f 820/584 1138/585 819/647
f 1938/1079 1939/1080 1940/1081
f 689/586 1138/585 820/584
f 1939/1080 1941/1082 1942/1083
f 1942/1083 1941/1082 1943/1084
f 1941/1082 1944/1085 1943/1084
f 1943/1084 1944/1085 1945/1086
f 1944/1085 1946/1087 1945/1086
f 624/580 626/582 725/648
f 1946/1087 1947/1088 1948/1089
f 628/584 624/580 725/648
f 1005/669 624/580 628/584
f 630/586 1005/669 628/584
f 1006/670 1005/669 630/586
f 1949/618 1006/670 630/586
f 1950/1090 1006/670 1949/618
f 580/552 1030/604 794/602
f 1936/1077 1937/1078 1951/1091
f 1951/1091 1937/1078 1952/1092
f 1953/714 1030/604 580/552
f 795/702 1953/714 580/552
f 1954/598 1953/714 795/702
f 796/638 1954/598 795/702
f 1943/1084 1945/1086 1955/1093
f 1956/597 1954/598 796/638
f 1105/637 1956/597 796/638
f 1104/718 1956/597 1105/637
f 871/603 1030/604 872/741
f 794/602 1030/604 871/603
f 870/606 794/602 871/603
f 793/612 794/602 870/606
f 608/577 793/612 870/606
f 1024/614 793/612 608/577
f 607/576 1024/614 608/577
f 1033/622 1024/614 607/576
f 975/737 959/781 974/790
f 1957/575 959/781 975/737
f 977/574 1957/575 975/737
f 1934/1075 1947/1088 1935/1076
f 1958/573 1957/575 977/574
f 1959/814 1958/573 977/574
f 1960/1094 1946/1087 1961/1095
f 1946/1087 1944/1085 1961/1095
f 1961/1095 1944/1085 1941/1082
f 1962/600 1958/573 1959/814
f 1963/633 1962/600 1959/814
f 1964/588 1962/600 1963/633
f 34/249 130/274 32/247
f 1965/1096 967/785 1966/706
f 801/706 967/785 1965/1096
f 1938/1079 1960/1094 1967/1097
f 1960/1094 1961/1095 1967/1097
f 1967/1097 1961/1095 1941/1082
f 985/792 801/706 1965/1096
f 797/703 801/706 985/792
f 806/710 797/703 985/792
f 1941/1082 1939/1080 1967/1097
f 1967/1097 1939/1080 1938/1079
f 800/664 797/703 806/710
f 805/709 800/664 806/710
f 1968/666 800/664 805/709
f 1969/1098 1970/1099 1971/1100
f 1971/1100 1970/1099 1972/1101
f 703/631 1927/545 1022/546
f 1973/718 1927/545 703/631
f 1974/1102 1975/1103 1976/1104
f 712/637 1973/718 703/631
f 1975/1103 1977/1105 1978/1106
f 1978/1106 1977/1105 1979/1107
f 1977/1105 1980/1108 1979/1107
f 1979/1107 1980/1108 1981/1109
f 1980/1108 1982/1110 1981/1109
f 1983/597 1973/718 712/637
f 1982/1110 1984/1111 1985/1112
f 713/638 1983/597 712/637
f 1986/598 1983/597 713/638
f 1073/702 1986/598 713/638
f 1072/714 1986/598 1073/702
f 684/614 680/613 695/623
f 1971/1100 1972/1101 1987/1113
f 1987/1113 1972/1101 1988/1114
f 678/612 680/613 684/614
f 681/577 678/612 684/614
f 660/606 678/612 681/577
f 683/578 660/606 681/577
f 656/603 660/606 683/578
f 1989/741 656/603 683/578
f 1987/1113 1988/1114 1990/1115
f 657/604 656/603 1989/741
f 730/653 840/724 748/665
f 750/667 730/653 748/665
f 732/655 730/653 750/667
f 1969/1098 1984/1111 1970/1099
f 983/704 732/655 750/667
f 1144/705 732/655 983/704
f 1991/1116 1982/1110 1992/1117
f 1982/1110 1980/1108 1992/1117
f 1992/1117 1980/1108 1977/1105
f 984/703 1144/705 983/704
f 1966/706 1144/705 984/703
f 985/792 1966/706 984/703
f 1965/1096 1966/706 985/792
f 866/572 943/611 1071/593
f 1070/723 866/572 1071/593
f 1974/1102 1991/1116 1993/1118
f 1991/1116 1992/1117 1993/1118
f 1993/1118 1992/1117 1977/1105
f 867/722 866/572 1070/723
f 1068/713 867/722 1070/723
f 839/711 867/722 1068/713
f 1974/1102 1993/1118 1975/1103
f 1975/1103 1993/1118 1977/1105
f 1067/712 839/711 1068/713
f 680/613 839/711 1067/712
f 1066/771 680/613 1067/712
f 695/623 680/613 1066/771
f 1994/1119 1995/1120 1996/1121
f 1995/1120 1997/1122 1996/1121
f 935/581 934/774 1998/1123
f 1997/1122 1999/1124 2000/1125
f 1009/793 935/581 1998/1123
f 1999/1124 2001/1126 2002/1127
f 1015/801 935/581 1009/793
f 2001/1126 2003/1128 2004/1129
f 861/736 1015/801 1009/793
f 2003/1128 2005/1130 2006/1131
f 2006/1131 2005/1130 2007/1132
f 2005/1130 1914/1064 2007/1132
f 751/668 1015/801 861/736
f 860/735 751/668 861/736
f 754/670 751/668 860/735
f 859/686 754/670 860/735
f 2008/1090 754/670 859/686
f 800/664 1968/666 1013/665
f 1121/667 800/664 1013/665
f 798/704 800/664 1121/667
f 1122/655 798/704 1121/667
f 799/705 798/704 1122/655
f 1126/830 799/705 1122/655
f 2009/717 799/705 1126/830
f 1128/716 2009/717 1126/830
f 1874/715 2009/717 1128/716
f 1006/670 1950/1090 773/686
f 1994/1119 2010/1133 2006/1131
f 2006/1131 2010/1133 2011/1134
f 986/735 1006/670 773/686
f 1004/668 1006/670 986/735
f 1995/1120 2012/1135 1870/1033
f 1870/1033 2012/1135 1871/1034
f 987/736 1004/668 986/735
f 1871/1034 2013/1136 2014/1137
f 2006/1131 2011/1134 2004/1129
f 1003/801 1004/668 987/736
f 988/793 1003/801 987/736
f 625/581 1003/801 988/793
f 2015/1123 625/581 988/793
f 2016/774 625/581 2015/1123
f 1119/826 2017/828 1116/829
f 715/639 2017/828 1119/826
f 1120/542 715/639 1119/826
f 714/543 715/639 1120/542
f 568/541 714/543 1120/542
f 720/644 714/543 568/541
f 570/543 720/644 568/541
f 723/646 720/644 570/543
f 1114/632 723/646 570/543
f 2018/789 723/646 1114/632
f 1017/657 1883/656 953/780
f 1994/1119 2019/1138 2010/1133
f 710/553 1883/656 1017/657
f 883/746 710/553 1017/657
f 1871/1034 2014/1137 1916/1066
f 1916/1066 2014/1137 2020/1139
f 1916/1066 2020/1139 2007/1132
f 708/634 710/553 883/746
f 882/745 708/634 883/746
f 2006/1131 2021/1140 2022/1141
f 711/636 708/634 882/745
f 887/742 711/636 882/745
f 1874/715 711/636 887/742
f 2023/743 1874/715 887/742
f 2024/717 1874/715 2023/743
f 1114/632 1111/587 1964/588
f 2025/1142 2026/1143 2027/1144
f 2027/1144 2026/1143 2028/1145
f 2026/1143 2029/1146 2028/1145
f 2028/1145 2029/1146 2030/1147
f 2029/1146 2031/1148 2030/1147
f 2030/1147 2031/1148 2032/1149
f 2031/1148 2033/1150 2032/1149
f 1963/633 1114/632 1964/588
f 2018/789 1114/632 1963/633
f 1959/814 2018/789 1963/633
f 869/740 2018/789 1959/814
f 977/574 869/740 1959/814
f 865/738 869/740 977/574
f 976/571 865/738 977/574
f 866/572 865/738 976/571
f 2034/1151 2035/1152 2036/1153
f 1056/570 866/572 976/571
f 2036/1153 2037/1154 2038/1155
f 943/611 866/572 1056/570
f 2038/1155 2039/1156 2040/1157
f 766/682 1090/821 764/680
f 853/727 1090/821 766/682
f 586/557 853/727 766/682
f 902/559 853/727 586/557
f 590/560 902/559 586/557
f 894/729 902/559 590/560
f 2041/1158 2031/1148 2029/1146
f 1036/809 894/729 590/560
f 2038/1155 2042/1159 2043/1160
f 895/753 894/729 1036/809
f 2044/642 895/753 1036/809
f 2027/1144 2028/1145 2045/1161
f 2045/1161 2028/1145 2030/1147
f 2030/1147 2032/1149 2045/1161
f 2045/1161 2032/1149 2046/1162
f 2047/640 895/753 2044/642
f 2048/641 2047/640 2044/642
f 2049/643 2047/640 2048/641
f 1949/618 1011/616 1950/1090
f 2025/1142 2050/1163 2051/1164
f 881/615 1011/616 1949/618
f 2051/1164 2041/1158 2029/1146
f 2045/1161 2046/1162 2043/1160
f 630/586 881/615 1949/618
f 877/619 881/615 630/586
f 2025/1142 2051/1164 2026/1143
f 2026/1143 2051/1164 2029/1146
f 629/585 877/619 630/586
f 878/744 877/619 629/585
f 724/647 878/744 629/585
f 1128/716 878/744 724/647
f 725/648 1128/716 724/647
f 1874/715 1128/716 725/648
f 626/582 1874/715 725/648
f 1873/708 1874/715 626/582
f 625/581 1873/708 626/582
f 2052/1165 2053/1166 2054/1167
f 2054/1167 2053/1166 2055/1168
f 2053/1166 2056/1169 2055/1168
f 2055/1168 2056/1169 2057/1170
f 2056/1169 2058/1171 2057/1170
f 2057/1170 2058/1171 2059/1172
f 2058/1171 2060/1173 2059/1172
f 2059/1172 2060/1173 2061/1174
f 2062/1175 2063/1176 2064/1177
f 2064/1177 2063/1176 2065/1178
f 2063/1176 2066/1179 2065/1178
f 2065/1178 2066/1179 2067/1180
f 2066/1179 2068/1181 2067/1180
f 2067/1180 2068/1181 2069/1182
f 2068/1181 2070/1183 2069/1182
f 2069/1182 2070/1183 2071/1184
f 2070/1183 2072/1185 2071/1184
f 2071/1184 2072/1185 2073/1186
f 2072/1185 2074/1187 2073/1186
f 2073/1186 2074/1187 2075/1188
f 1877/555 1873/708 625/581
f 2075/1188 2076/1189 2077/1190
f 2016/774 1877/555 625/581
f 1878/554 1877/555 2016/774
f 2073/1186 2078/1191 2071/1184
f 2071/1184 2078/1191 2079/1192
f 2078/1191 2080/1193 2079/1192
f 2079/1192 2080/1193 2081/1194
f 2080/1193 2082/1195 2081/1194
f 2081/1194 2082/1195 2083/1196
f 2082/1195 2084/1197 2083/1196
f 2083/1196 2084/1197 2085/1198
f 2084/1197 2086/1199 2085/1198
f 2085/1198 2086/1199 2087/1200
f 2086/1199 2088/1201 2087/1200
f 2087/1200 2088/1201 2089/1202
f 2088/1201 2090/1203 2089/1202
f 2089/1202 2090/1203 2091/1204
f 875/743 815/715 2092/717
f 1144/705 875/743 2092/717
f 876/707 875/743 1144/705
f 1966/706 876/707 1144/705
f 982/788 876/707 1966/706
f 967/785 982/788 1966/706
f 980/786 982/788 967/785
f 969/787 980/786 967/785
f 2091/1204 2090/1203 2093/1205
f 2093/1205 2090/1203 1870/1033
f 2090/1203 1995/1120 1870/1033
f 981/791 980/786 969/787
f 968/786 981/791 969/787
f 886/749 981/791 968/786
f 970/788 886/749 968/786
f 887/742 886/749 970/788
f 1933/1074 2094/1206 1899/1054
f 802/707 887/742 970/788
f 1899/1054 2095/1207 2096/1208
f 2023/743 887/742 802/707
f 2069/1182 2097/1209 2067/1180
f 2067/1180 2097/1209 2098/1210
f 2097/1209 2099/1211 2098/1210
f 2098/1210 2099/1211 2100/1212
f 2099/1211 2101/1213 2100/1212
f 2100/1212 2101/1213 2102/1214
f 2101/1213 2103/1215 2102/1214
f 2102/1214 2103/1215 2055/1168
f 2103/1215 2054/1167 2055/1168
f 799/705 2023/743 802/707
f 2024/717 2023/743 799/705
f 1064/690 2104/1059 1062/817
f 2105/805 2104/1059 1064/690
f 2106/1216 2096/1208 2107/1217
f 2108/804 2105/805 1064/690
f 2109/626 2105/805 2108/804
f 2110/819 2109/626 2108/804
f 2061/1174 2111/1218 2059/1172
f 2059/1172 2111/1218 2057/1170
f 2111/1218 2112/1219 2057/1170
f 2057/1170 2112/1219 2113/1220
f 2112/1219 2114/1221 2113/1220
f 2113/1220 2114/1221 2115/1222
f 2114/1221 2116/1223 2115/1222
f 2117/1224 2118/1225 2119/1226
f 2119/1226 2118/1225 2120/1227
f 2118/1225 2121/1228 2120/1227
f 2120/1227 2121/1228 2122/1229
f 2121/1228 2123/1230 2122/1229
f 2122/1229 2123/1230 2124/1231
f 2123/1230 2125/1232 2124/1231
f 2067/1180 2098/1210 2065/1178
f 2065/1178 2098/1210 2064/1177
f 2098/1210 2100/1212 2064/1177
f 2064/1177 2100/1212 2113/1220
f 2100/1212 2102/1214 2113/1220
f 2113/1220 2102/1214 2057/1170
f 2102/1214 2055/1168 2057/1170
f 2090/1203 2088/1201 1995/1120
f 1995/1120 2088/1201 1997/1122
f 2088/1201 2086/1199 1997/1122
f 1997/1122 2086/1199 1999/1124
f 2086/1199 2084/1197 1999/1124
f 1999/1124 2084/1197 2082/1195
f 2071/1184 2079/1192 2069/1182
f 2069/1182 2079/1192 2097/1209
f 2079/1192 2081/1194 2097/1209
f 2097/1209 2081/1194 2099/1211
f 2081/1194 2083/1196 2099/1211
f 2099/1211 2083/1196 2085/1198
f 2053/1166 2052/1165 2126/1233
f 2126/1233 2052/1165 2070/1183
f 2052/1165 2127/1234 2070/1183
f 2070/1183 2127/1234 2128/1235
f 696/624 2109/626 2110/819
f 2129/1070 696/624 2110/819
f 2130/1236 2120/1227 2131/1237
f 2131/1237 2120/1227 2132/1238
f 2120/1227 2133/1239 2132/1238
f 2132/1238 2133/1239 2134/1240
f 2133/1239 2135/1241 2134/1240
f 2134/1240 2135/1241 2136/1242
f 2124/1231 2137/1243 2122/1229
f 2122/1229 2137/1243 2120/1227
f 2137/1243 2138/1244 2120/1227
f 2120/1227 2138/1244 2133/1239
f 2138/1244 2139/1245 2133/1239
f 2115/1222 2140/1246 2113/1220
f 2113/1220 2140/1246 2064/1177
f 2140/1246 2141/1247 2064/1177
f 2064/1177 2141/1247 2062/1175
f 2141/1247 2142/1248 2062/1175
f 2143/1249 2144/1250 2066/1179
f 2066/1179 2144/1250 2145/1251
f 2144/1250 2146/1252 2145/1251
f 2145/1251 2146/1252 2147/1253
f 2146/1252 2148/1254 2147/1253
f 2066/1179 2145/1251 2068/1181
f 2068/1181 2145/1251 2126/1233
f 2145/1251 2149/1255 2126/1233
f 2126/1233 2149/1255 2053/1166
f 2149/1255 2056/1169 2053/1166
f 2147/1253 2150/1256 2145/1251
f 2145/1251 2150/1256 2149/1255
f 2150/1256 2151/1257 2149/1255
f 2149/1255 2151/1257 2152/1258
f 2151/1257 2153/1259 2152/1258
f 2121/1228 2118/1225 2154/1260
f 2154/1260 2118/1225 2155/1261
f 2118/1225 2117/1224 2155/1261
f 2155/1261 2117/1224 2156/1262
f 2157/1263 2158/1264 2159/1263
f 2159/1263 2158/1264 2160/1264
f 2158/1264 2161/1237 2160/1264
f 2160/1264 2161/1237 2162/1237
f 1131/810 696/624 2129/1070
f 2075/1188 2163/1265 2164/1266
f 2165/1071 1131/810 2129/1070
f 2164/1266 1933/1074 1918/1068
f 2166/1262 2167/1260 2168/1262
f 2168/1262 2167/1260 2169/1260
f 2167/1260 2170/1228 2169/1260
f 2169/1260 2170/1228 2171/1228
f 2172/1228 2173/1267 2174/1228
f 2174/1228 2173/1267 2175/1267
f 2173/1267 2176/1232 2175/1267
f 2175/1267 2176/1232 2177/1232
f 2178/1243 2179/1231 2180/1243
f 2180/1243 2179/1231 2181/1231
f 2179/1231 2182/1232 2181/1231
f 2181/1231 2182/1232 2183/1232
f 2184/1268 2185/1269 2186/1268
f 2186/1268 2185/1269 2187/1269
f 2185/1269 2188/1243 2187/1269
f 2187/1269 2188/1243 2189/1243
f 2190/1239 2191/1245 2192/1239
f 2192/1239 2191/1245 2193/1245
f 2191/1245 2194/1268 2193/1245
f 2193/1245 2194/1268 2195/1268
f 2196/1270 2197/1271 2198/1270
f 2198/1270 2197/1271 2199/1271
f 2197/1271 2200/1226 2199/1271
f 2199/1271 2200/1226 2201/1226
f 2202/1242 2203/1272 2204/1242
f 2204/1242 2203/1272 2205/1272
f 2203/1272 2206/1237 2205/1272
f 2205/1272 2206/1237 2207/1237
f 2208/1264 2209/1273 2131/1237
f 2131/1237 2209/1273 2130/1236
f 2209/1273 2210/1274 2130/1236
f 2130/1236 2210/1274 2211/1275
f 2212/1226 2213/1224 2214/1226
f 2214/1226 2213/1224 2215/1224
f 2213/1224 2216/1262 2215/1224
f 2215/1224 2216/1262 2217/1262
f 2218/1275 2219/1274 2220/1275
f 2220/1275 2219/1274 2221/1274
f 2219/1274 2222/1263 2221/1274
f 2221/1274 2222/1263 2223/1263
f 2224/1275 2225/1276 2226/1275
f 2226/1275 2225/1276 2227/1276
f 2225/1276 2228/1270 2227/1276
f 2227/1276 2228/1270 2229/1270
f 2230/1242 2231/1241 2232/1242
f 2232/1242 2231/1241 2233/1241
f 2231/1241 2234/1239 2233/1241
f 2233/1241 2234/1239 2235/1239
f 2236/1276 2237/1277 2211/1275
f 2211/1275 2237/1277 2238/1278
f 2237/1277 2239/1271 2238/1278
f 2238/1278 2239/1271 2119/1226
f 1918/1068 1915/1065 2073/1186
f 2073/1186 1915/1065 2078/1191
f 1915/1065 1914/1064 2078/1191
f 2078/1191 1914/1064 2005/1130
f 2240/812 1131/810 2165/1071
f 1038/811 2240/812 2165/1071
f 1131/810 2240/812 1038/811
f 2063/1176 2241/1279 2066/1179
f 2066/1179 2241/1279 2143/1249
f 2241/1279 2242/1280 2143/1249
f 1034/807 1131/810 1038/811
f 1137/808 1131/810 1034/807
f 1075/809 1137/808 1034/807
f 2119/1226 2120/1227 2238/1278
f 2238/1278 2120/1227 2211/1275
f 2120/1227 2130/1236 2211/1275
f 1870/1033 1898/1053 2093/1205
f 2093/1205 1898/1053 2106/1216
f 1898/1053 2096/1208 2106/1216
f 2137/1243 2243/1281 2138/1244
f 2138/1244 2243/1281 2139/1245
f 2243/1281 2244/1268 2139/1245
f 718/642 1137/808 1075/809
f 1074/753 718/642 1075/809
f 716/640 718/642 1074/753
f 2140/1246 2245/1282 2141/1247
f 2141/1247 2245/1282 2142/1248
f 2063/1176 2246/1283 2241/1279
f 2241/1279 2246/1283 2242/1280
f 2121/1228 2247/1267 2123/1230
f 2123/1230 2247/1267 2125/1232
f 2148/1254 2146/1252 2248/1284
f 2248/1284 2146/1252 2144/1250
f 1999/1124 2082/1195 2001/1126
f 2001/1126 2082/1195 2080/1193
f 688/618 2008/1090 2249/616
f 754/670 2008/1090 688/618
f 2112/1219 2250/1285 2114/1221
f 2114/1221 2250/1285 2116/1223
f 2056/1169 2149/1255 2058/1171
f 2058/1171 2149/1255 2152/1258
f 2070/1183 2128/1235 2072/1185
f 2072/1185 2128/1235 2074/1187
f 2153/1259 2151/1257 2251/1286
f 2251/1286 2151/1257 2150/1256
f 689/586 754/670 688/618
f 2106/1216 2252/1287 2093/1205
f 2208/1264 2253/1263 2209/1273
f 2209/1273 2253/1263 2210/1274
f 2078/1191 2005/1130 2080/1193
f 2080/1193 2005/1130 2003/1128
f 2236/1276 2254/1270 2237/1277
f 2237/1277 2254/1270 2239/1271
f 2099/1211 2085/1198 2101/1213
f 2101/1213 2085/1198 2087/1200
f 2101/1213 2087/1200 2103/1215
f 2103/1215 2087/1200 2089/1202
f 2131/1237 2132/1238 2255/1272
f 2255/1272 2132/1238 2134/1240
f 2103/1215 2089/1202 2054/1167
f 2054/1167 2089/1202 2091/1204
f 2137/1243 2256/1269 2243/1281
f 2243/1281 2256/1269 2244/1268
f 2075/1188 2164/1266 2073/1186
f 2073/1186 2164/1266 1918/1068
f 752/669 754/670 689/586
f 820/584 752/669 689/586
f 2155/1261 2156/1262 2154/1260
f 2080/1193 2003/1128 2001/1126
f 1899/1054 2096/1208 1898/1053
f 2126/1233 2070/1183 2068/1181
f 2136/1242 2255/1272 2134/1240
f 753/580 752/669 820/584
f 818/648 753/580 820/584
f 1014/582 753/580 818/648
f 815/715 1014/582 818/648
f 2257/1288 2258/1289 2259/1290
f 804/708 1014/582 815/715
f 2258/1289 2257/1288 2260/1291
f 2260/1291 2257/1288 2261/1292
f 2257/1288 2262/1293 2261/1292
f 2261/1292 2262/1293 2263/1294
f 874/636 804/708 815/715
f 803/635 804/708 874/636
f 950/634 803/635 874/636
f 2261/1292 2264/1295 2260/1291
f 2264/1295 2265/1296 2260/1291
f 2260/1291 2265/1296 2266/1297
f 2265/1296 2264/1295 2266/1297
f 581/553 803/635 950/634
f 951/746 581/553 950/634
f 2260/1291 2267/1298 2259/1290
f 734/657 581/553 951/746
f 953/780 734/657 951/746
f 733/656 734/657 953/780
f 864/737 1000/781 606/575
f 2268/790 1000/781 864/737
f 863/726 2268/790 864/737
f 2269/610 2268/790 863/726
f 862/725 2269/610 863/726
f 668/608 2269/610 862/725
f 601/570 668/608 862/725
f 674/611 668/608 601/570
f 603/572 674/611 601/570
f 2270/593 674/611 603/572
f 835/723 2270/593 603/572
f 2271/1064 2272/1066 2273/1065
f 2273/1065 2272/1066 2274/1067
f 2272/1066 2275/1299 2274/1067
f 2276/594 2270/593 835/723
f 809/713 2276/594 835/723
f 2277/601 2276/594 809/713
f 808/712 2277/601 809/713
f 2278/771 2277/601 808/712
f 810/613 2278/771 808/712
f 2279/623 2278/771 810/613
f 1024/614 2279/623 810/613
f 1033/622 2279/623 1024/614
f 1035/808 2044/642 1036/809
f 2280/832 2044/642 1035/808
f 2281/1047 2282/1046 2283/1048
f 2283/1048 2282/1046 2284/1069
f 2282/1046 2285/1062 2284/1069
f 2284/1069 2285/1062 2286/1061
f 2285/1062 2287/1042 2286/1061
f 2286/1061 2287/1042 2288/1040
f 2287/1042 2289/1041 2288/1040
f 1037/810 2280/832 1035/808
f 1922/627 2280/832 1037/810
f 2290/1039 2291/1300 2292/1058
f 2273/1065 2274/1067 2293/1068
f 2293/1068 2274/1067 2294/1074
f 2295/831 1922/627 1037/810
f 2294/1074 2296/1301 2297/1056
f 1086/624 1922/627 2295/831
f 1037/810 1086/624 2295/831
f 1923/1070 1086/624 1037/810
f 1039/812 1923/1070 1037/810
f 1924/1071 1923/1070 1039/812
f 1038/811 1924/1071 1039/812
f 1925/1072 1924/1071 1038/811
f 2165/1071 1925/1072 1038/811
f 1926/671 1925/1072 2165/1071
f 2129/1070 1926/671 2165/1071
f 2284/1069 2286/1061 2298/1050
f 1076/673 1926/671 2129/1070
f 2286/1061 2288/1040 2299/1060
f 2110/819 1076/673 2129/1070
f 1077/818 1076/673 2110/819
f 2300/1038 2290/1039 2301/1057
f 2290/1039 2292/1058 2301/1057
f 2108/804 1077/818 2110/819
f 1029/806 1077/818 2108/804
f 1064/690 1029/806 2108/804
f 778/688 1029/806 1064/690
f 2302/1051 2300/1038 2303/1052
f 2300/1038 2301/1057 2303/1052
f 1063/689 778/688 1064/690
f 785/695 778/688 1063/689
f 1058/816 785/695 1063/689
f 2272/1066 2304/1034 2305/1036
f 1911/1063 785/695 1058/816
f 2304/1034 2306/1035 2307/1037
f 854/731 1911/1063 1058/816
f 1910/816 1911/1063 854/731
f 858/734 1910/816 854/731
f 2308/1054 2294/1074 2297/1056
f 1907/817 1910/816 858/734
f 2315/1043 2287/1042 2316/1044
f 2287/1042 2285/1062 2316/1044
f 2316/1044 2285/1062 2282/1046
f 2315/1043 2316/1044 2324/1045
f 2324/1045 2316/1044 2282/1046
f 2302/1051 2326/1302 2327/1303
f 2281/1047 2324/1045 2282/1046
f 2304/1034 2330/1033 2306/1035
f 2308/1054 2306/1035 2332/1053
f 2344/1084 2345/1082 2346/1083
f 2346/1083 2345/1082 2347/1080
f 2345/1082 2348/1097 2347/1080
f 2347/1080 2348/1097 2349/1079
f 2348/1097 2350/1094 2349/1079
f 2349/1079 2350/1094 2351/1076
f 2350/1094 2352/1088 2351/1076
f 2355/1075 2356/1304 2357/1305
f 2379/1091 2380/1092 2381/1078
f 2349/1079 2351/1076 2381/1078
f 2389/1077 2355/1075 2390/1306
f 2355/1075 2357/1305 2390/1306
f 2393/1087 2350/1094 2394/1095
f 2350/1094 2348/1097 2394/1095
f 2394/1095 2348/1097 2345/1082
f 2379/1091 2381/1078 2389/1077
f 2393/1087 2394/1095 2399/1085
f 2399/1085 2394/1095 2345/1082
f 2344/1084 2399/1085 2345/1082
f 2408/1113 2409/1114 2410/1101
f 2414/1102 2415/1103 2416/1118
f 2415/1103 2417/1105 2416/1118
f 2416/1118 2417/1105 2418/1117
f 2417/1105 2419/1108 2418/1117
f 2418/1117 2419/1108 2420/1110
f 2419/1108 2421/1109 2420/1110
f 2420/1110 2421/1109 2422/1112
f 2408/1113 2410/1101 2429/1100
f 2429/1100 2410/1101 2430/1099
f 2414/1102 2416/1118 2433/1116
f 2433/1116 2416/1118 2418/1117
f 2429/1100 2430/1099 2436/1098
f 2436/1098 2430/1099 2437/1111
f 2433/1116 2418/1117 2420/1110
f 2445/1107 2419/1108 2417/1105
f 2436/1098 2437/1111 2448/1307
f 2453/1106 2445/1107 2417/1105
f 2417/1105 2415/1103 2453/1106
f 2453/1106 2415/1103 2458/1104
f 2304/1034 2272/1066 2460/1137
f 2272/1066 2462/1132 2463/1139
f 2467/1131 2468/1119 2469/1141
f 2468/1119 2471/1135 2472/1308
f 2304/1034 2471/1135 2330/1033
f 2330/1033 2471/1135 2488/1120
f 2488/1120 2468/1119 2490/1121
f 2468/1119 2491/1138 2490/1121
f 2488/1120 2490/1121 2495/1122
f 2495/1122 2490/1121 2496/1125
f 2495/1122 2496/1125 2500/1124
f 2500/1124 2496/1125 2501/1127
f 2502/1291 2503/1298 2504/1297
f 2505/1289 2506/1290 2502/1291
f 2507/1288 2506/1290 2505/1289
f 2500/1124 2501/1127 2508/1126
f 2508/1126 2501/1127 2509/1129
f 2502/1291 2507/1288 2505/1289
f 2510/1292 2507/1288 2502/1291
f 2502/1291 2511/1295 2510/1292
f 2512/1296 2511/1295 2502/1291
f 2508/1126 2509/1129 2513/1128
f 2513/1128 2509/1129 2467/1131
f 2511/1295 2512/1296 2504/1297
f 2467/1131 2514/1134 2515/1133
f 2510/1292 2511/1295 2516/1294
f 2507/1288 2510/1292 2517/1293
f 2467/1131 2515/1133 2468/1119
f 2468/1119 2515/1133 2491/1138
f 2518/1202 2519/1167 2520/1204
f 2521/1176 2522/1175 2523/1177
f 2272/1066 2271/1064 2462/1132
f 2524/1180 2525/1209 2526/1182
f 2527/1275 2528/1277 2529/1276
f 2467/1131 2530/1130 2513/1128
f 2531/1278 2528/1277 2527/1275
f 2532/1228 2533/1260 2534/1228
f 2535/1155 2536/1159 2537/1157
f 2538/1260 2533/1260 2532/1228
f 2539/1221 2540/1219 2541/1220
f 2542/1285 2540/1219 2539/1221
f 2543/1142 2544/1164 2545/1163
f 2546/1232 2547/1267 2548/1232
f 2544/1164 2549/1146 2550/1158
f 2550/1158 2549/1146 2551/1148
f 2549/1146 2552/1147 2551/1148
f 2551/1148 2552/1147 2553/1149
f 2552/1147 2554/1161 2553/1149
f 2555/1267 2547/1267 2546/1232
f 2554/1161 2556/1160 2557/1162
f 2558/1172 2559/1170 2560/1218
f 2561/1171 2559/1170 2558/1172
f 2562/1153 2535/1155 2563/1154
f 2564/1274 2565/1275 2566/1274
f 2567/1275 2565/1275 2564/1274
f 2568/1281 2569/1268 2570/1269
f 2571/1245 2569/1268 2568/1281
f 2572/1264 2573/1237 2574/1264
f 2575/1237 2573/1237 2572/1264
f 2576/1273 2577/1236 2578/1274
f 2579/1237 2577/1236 2576/1273
f 2580/1275 2581/1276 2582/1275
f 2583/1276 2581/1276 2580/1275
f 2584/1270 2585/1271 2586/1270
f 2587/1271 2585/1271 2584/1270
f 2588/1232 2589/1231 2590/1232
f 2591/1231 2589/1231 2588/1232
f 2592/1279 2593/1249 2594/1280
f 2535/1155 2556/1160 2536/1159
f 2595/1179 2593/1249 2592/1279
f 2596/1243 2597/1269 2598/1243
f 2599/1144 2554/1161 2600/1145
f 2554/1161 2552/1147 2600/1145
f 2600/1145 2552/1147 2549/1146
f 2601/1269 2597/1269 2596/1243
f 2602/1268 2603/1245 2604/1268
f 2605/1245 2603/1245 2602/1268
f 2606/1151 2607/1309 2557/1162
f 2608/1216 2609/1217 2610/1208
f 2611/1239 2612/1241 2613/1239
f 2543/1142 2599/1144 2614/1143
f 2599/1144 2600/1145 2614/1143
f 2614/1143 2600/1145 2549/1146
f 2615/1241 2612/1241 2611/1239
f 2519/1167 2616/1310 2520/1204
f 2606/1151 2557/1162 2562/1153
f 2549/1146 2544/1164 2614/1143
f 2614/1143 2544/1164 2543/1142
f 2519/1167 2617/1165 2618/1311
f 2332/1053 2330/1033 2619/1205
f 2619/1205 2330/1033 2620/1203
f 2330/1033 2488/1120 2620/1203
f 2620/1203 2488/1120 2621/1201
f 2488/1120 2495/1122 2621/1201
f 2621/1201 2495/1122 2622/1199
f 2495/1122 2500/1124 2622/1199
f 2622/1199 2500/1124 2623/1197
f 2500/1124 2624/1195 2623/1197
f 2623/1197 2624/1195 2625/1196
f 2624/1195 2626/1194 2625/1196
f 2625/1196 2626/1194 2627/1211
f 2626/1194 2525/1209 2627/1211
f 2627/1211 2525/1209 2628/1210
f 2525/1209 2524/1180 2628/1210
f 2628/1210 2524/1180 2629/1178
f 2524/1180 2595/1179 2629/1178
f 2629/1178 2595/1179 2521/1176
f 2595/1179 2592/1279 2521/1176
f 2521/1176 2592/1279 2630/1283
f 2592/1279 2594/1280 2630/1283
f 2308/1054 2332/1053 2610/1208
f 2631/1166 2617/1165 2519/1167
f 2332/1053 2619/1205 2608/1216
f 2608/1216 2619/1205 2632/1287
f 2619/1205 2520/1204 2632/1287
f 2631/1166 2633/1233 2617/1165
f 2520/1204 2616/1310 2634/1312
f 2635/1255 2633/1233 2631/1166
f 2566/1274 2636/1263 2564/1274
f 2637/1263 2636/1263 2566/1274
f 2638/1252 2639/1250 2640/1251
f 2641/1284 2639/1250 2638/1252
f 2617/1165 2633/1233 2642/1183
f 2642/1183 2633/1233 2643/1181
f 2633/1233 2640/1251 2643/1181
f 2643/1181 2640/1251 2595/1179
f 2640/1251 2639/1250 2595/1179
f 2595/1179 2639/1250 2593/1249
f 2644/1226 2645/1224 2646/1226
f 2647/1224 2645/1224 2644/1226
f 2574/1264 2648/1263 2572/1264
f 2649/1263 2648/1263 2574/1264
f 2650/1191 2530/1130 2271/1064
f 2651/1193 2530/1130 2650/1191
f 2522/1175 2652/1247 2523/1177
f 2308/1054 2653/1206 2294/1074
f 2654/1248 2652/1247 2522/1175
f 2294/1074 2655/1313 2656/1265
f 2647/1224 2657/1262 2645/1224
f 2658/1262 2657/1262 2647/1224
f 2659/1198 2660/1213 2661/1200
f 2661/1200 2660/1213 2662/1215
f 2660/1213 2663/1214 2662/1215
f 2662/1215 2663/1214 2664/1168
f 2663/1214 2559/1170 2664/1168
f 2664/1168 2559/1170 2665/1169
f 2559/1170 2561/1171 2665/1169
f 2665/1169 2561/1171 2635/1255
f 2561/1171 2666/1258 2635/1255
f 2635/1255 2666/1258 2667/1257
f 2666/1258 2668/1259 2667/1257
f 2667/1257 2668/1259 2669/1286
f 2624/1195 2651/1193 2626/1194
f 2626/1194 2651/1193 2670/1192
f 2651/1193 2650/1191 2670/1192
f 2670/1192 2650/1191 2671/1184
f 2650/1191 2672/1186 2671/1184
f 2671/1184 2672/1186 2673/1185
f 2672/1186 2674/1187 2673/1185
f 2673/1185 2674/1187 2675/1235
f 2587/1271 2676/1226 2585/1271
f 2677/1226 2676/1226 2587/1271
f 2583/1276 2678/1270 2581/1276
f 2679/1270 2678/1270 2583/1276
f 2680/1237 2681/1272 2682/1237
f 2683/1272 2681/1272 2680/1237
f 2615/1241 2684/1242 2612/1241
f 2685/1242 2684/1242 2615/1241
f 2605/1245 2686/1239 2603/1245
f 2687/1239 2686/1239 2605/1245
f 2601/1269 2688/1268 2597/1269
f 2689/1188 2656/1265 2690/1190
f 2571/1245 2691/1244 2692/1239
f 2692/1239 2691/1244 2693/1227
f 2691/1244 2694/1243 2693/1227
f 2693/1227 2694/1243 2695/1229
f 2694/1243 2696/1231 2695/1229
f 2695/1229 2696/1231 2697/1230
f 2696/1231 2698/1232 2697/1230
f 2697/1230 2698/1232 2699/1267
f 2625/1196 2627/1211 2659/1198
f 2659/1198 2627/1211 2660/1213
f 2627/1211 2700/1212 2660/1213
f 2660/1213 2700/1212 2663/1214
f 2700/1212 2541/1220 2663/1214
f 2663/1214 2541/1220 2559/1170
f 2541/1220 2540/1219 2559/1170
f 2559/1170 2540/1219 2560/1218
f 2619/1205 2620/1203 2520/1204
f 2520/1204 2620/1203 2518/1202
f 2620/1203 2621/1201 2518/1202
f 2518/1202 2621/1201 2661/1200
f 2621/1201 2622/1199 2661/1200
f 2661/1200 2622/1199 2659/1198
f 2622/1199 2623/1197 2659/1198
f 2659/1198 2623/1197 2625/1196
f 2578/1274 2577/1236 2527/1275
f 2527/1275 2577/1236 2693/1227
f 2577/1236 2579/1237 2693/1227
f 2693/1227 2579/1237 2701/1238
f 2579/1237 2702/1272 2701/1238
f 2701/1238 2702/1272 2703/1240
f 2702/1272 2704/1242 2703/1240
f 2703/1240 2704/1242 2705/1241
f 2527/1275 2693/1227 2531/1278
f 2531/1278 2693/1227 2706/1226
f 2693/1227 2707/1225 2706/1226
f 2706/1226 2707/1225 2708/1224
f 2707/1225 2709/1261 2708/1224
f 2708/1224 2709/1261 2710/1262
f 2709/1261 2711/1260 2710/1262
f 2712/1268 2688/1268 2601/1269
f 2591/1231 2713/1243 2589/1231
f 2714/1243 2713/1243 2591/1231
f 2608/1216 2715/1314 2609/1217
f 2555/1267 2716/1228 2547/1267
f 2717/1228 2716/1228 2555/1267
f 2538/1260 2718/1262 2533/1260
f 2626/1194 2670/1192 2525/1209
f 2525/1209 2670/1192 2526/1182
f 2670/1192 2671/1184 2526/1182
f 2526/1182 2671/1184 2642/1183
f 2671/1184 2673/1185 2642/1183
f 2642/1183 2673/1185 2675/1235
f 2271/1064 2273/1065 2650/1191
f 2650/1191 2273/1065 2672/1186
f 2273/1065 2293/1068 2672/1186
f 2672/1186 2293/1068 2719/1266
f 2293/1068 2294/1074 2719/1266
f 2719/1266 2294/1074 2656/1265
f 2720/1262 2718/1262 2538/1260
f 2683/1272 2721/1242 2681/1272
f 2722/1242 2721/1242 2683/1272
f 2692/1239 2693/1227 2701/1238
f 2703/1240 2692/1239 2701/1238
f 2705/1241 2692/1239 2703/1240
f 2661/1200 2662/1215 2518/1202
f 2518/1202 2662/1215 2519/1167
f 2662/1215 2664/1168 2519/1167
f 2519/1167 2664/1168 2631/1166
f 2664/1168 2665/1169 2631/1166
f 2631/1166 2665/1169 2635/1255
f 2700/1212 2523/1177 2541/1220
f 2541/1220 2523/1177 2723/1246
f 2523/1177 2652/1247 2723/1246
f 2723/1246 2652/1247 2724/1282
f 2652/1247 2654/1248 2724/1282
f 2627/1211 2628/1210 2700/1212
f 2700/1212 2628/1210 2523/1177
f 2628/1210 2629/1178 2523/1177
f 2523/1177 2629/1178 2521/1176
f 2500/1124 2508/1126 2624/1195
f 2624/1195 2508/1126 2651/1193
f 2508/1126 2513/1128 2651/1193
f 2651/1193 2513/1128 2530/1130
f 2706/1226 2725/1271 2531/1278
f 2531/1278 2725/1271 2528/1277
f 2725/1271 2726/1270 2528/1277
f 2528/1277 2726/1270 2529/1276
f 2727/1256 2728/1253 2640/1251
f 2640/1251 2728/1253 2638/1252
f 2728/1253 2729/1254 2638/1252
f 2638/1252 2729/1254 2641/1284
f 2669/1286 2727/1256 2667/1257
f 2667/1257 2727/1256 2635/1255
f 2727/1256 2640/1251 2635/1255
f 2635/1255 2640/1251 2633/1233
f 2723/1246 2730/1222 2541/1220
f 2541/1220 2730/1222 2539/1221
f 2730/1222 2731/1223 2539/1221
f 2539/1221 2731/1223 2542/1285
f 2579/1237 2576/1273 2732/1264
f 2732/1264 2576/1273 2733/1263
f 2576/1273 2578/1274 2733/1263
f 2561/1171 2558/1172 2734/1173
f 2734/1173 2558/1172 2735/1174
f 2558/1172 2560/1218 2735/1174
f 2709/1261 2707/1225 2711/1260
f 2711/1260 2707/1225 2736/1228
f 2707/1225 2693/1227 2736/1228
f 2699/1267 2736/1228 2697/1230
f 2697/1230 2736/1228 2695/1229
f 2736/1228 2693/1227 2695/1229
f 2571/1245 2568/1281 2691/1244
f 2691/1244 2568/1281 2694/1243
f 2568/1281 2570/1269 2694/1243
f 2642/1183 2643/1181 2526/1182
f 2526/1182 2643/1181 2524/1180
f 2643/1181 2595/1179 2524/1180
f 2689/1188 2674/1187 2672/1186
f 2719/1266 2689/1188 2672/1186
f 2656/1265 2689/1188 2719/1266
f 2737/1315 2634/1312 2738/1316
f 2739/1317 2634/1312 2737/1315
f 2740/1318 2739/1317 2737/1315
f 2741/1319 2739/1317 2740/1318
f 2742/1320 2741/1319 2740/1318
f 2715/1314 2741/1319 2742/1320
f 2743/1189 2690/1190 2744/1321
f 2609/1217 2743/1189 2744/1321
f 2715/1314 2743/1189 2609/1217
f 2741/1319 2715/1314 2608/1216
f 2632/1287 2741/1319 2608/1216
f 2634/1312 2741/1319 2632/1287
f 2743/1189 2689/1188 2690/1190
f 2674/1187 2689/1188 2743/1189
f 2745/1322 2674/1187 2743/1189
f 2746/1323 2674/1187 2745/1322
f 2747/1324 2746/1323 2745/1322
f 2737/1315 2746/1323 2747/1324
f 2748/1325 2737/1315 2747/1324
f 2740/1318 2737/1315 2748/1325
f 2749/1326 2738/1316 2750/1234
f 2675/1235 2749/1326 2750/1234
f 2674/1187 2749/1326 2675/1235
f 2656/1265 2751/1327 2690/1190
f 2655/1313 2751/1327 2656/1265
f 2653/1206 2655/1313 2294/1074
f 2752/1207 2653/1206 2308/1054
f 2610/1208 2752/1207 2308/1054
f 2753/1328 2752/1207 2610/1208
f 2744/1321 2753/1328 2610/1208
f 2754/1329 2753/1328 2744/1321
f 2690/1190 2754/1329 2744/1321
f 2751/1327 2754/1329 2690/1190
f 2750/1234 2617/1165 2642/1183
f 2618/1311 2617/1165 2750/1234
f 2738/1316 2618/1311 2750/1234
f 2616/1310 2618/1311 2738/1316
f 2634/1312 2616/1310 2738/1316
f 2632/1287 2520/1204 2634/1312
f 2610/1208 2332/1053 2608/1216
f 2755/1152 2562/1153 2563/1154
f 2618/1311 2616/1310 2519/1167
f 2755/1152 2606/1151 2562/1153
f 2756/1330 2606/1151 2755/1152
f 2536/1159 2599/1144 2543/1142
f 2607/1309 2553/1149 2557/1162
f 2610/1208 2609/1217 2744/1321
f 2757/1331 2607/1309 2606/1151
f 2756/1330 2757/1331 2606/1151
f 2758/1332 2757/1331 2756/1330
f 2556/1160 2554/1161 2599/1144
f 2536/1159 2556/1160 2599/1144
f 2759/1150 2551/1148 2553/1149
f 2674/1187 2746/1323 2749/1326
f 2749/1326 2746/1323 2737/1315
f 2607/1309 2759/1150 2553/1149
f 2760/1333 2759/1150 2607/1309
f 2757/1331 2760/1333 2607/1309
f 2761/1334 2760/1333 2757/1331
f 2758/1332 2761/1334 2757/1331
f 2762/1335 2761/1334 2758/1332
f 2759/1150 2550/1158 2551/1148
f 2545/1163 2550/1158 2759/1150
f 2760/1333 2545/1163 2759/1150
f 2763/1336 2545/1163 2760/1333
f 2761/1334 2763/1336 2760/1333
f 2537/1157 2763/1336 2761/1334
f 2762/1335 2537/1157 2761/1334
f 2764/1156 2537/1157 2762/1335
f 2556/1160 2535/1155 2562/1153
f 2557/1162 2556/1160 2562/1153
f 2553/1149 2554/1161 2557/1162
f 2545/1163 2544/1164 2550/1158
f 2763/1336 2543/1142 2545/1163
f 2536/1159 2543/1142 2763/1336
f 2537/1157 2536/1159 2763/1336
f 2764/1156 2535/1155 2537/1157
f 2563/1154 2535/1155 2764/1156
f 2462/1132 2530/1130 2467/1131
f 2462/1132 2271/1064 2530/1130
f 2491/1138 2765/1337 2766/1338
f 2515/1133 2765/1337 2491/1138
f 2750/1234 2642/1183 2675/1235
f 2745/1322 2743/1189 2715/1314
f 2749/1326 2737/1315 2738/1316
f 2741/1319 2634/1312 2739/1317
f 2745/1322 2516/1294 2747/1324
f 2747/1324 2516/1294 2767/1339
f 2516/1294 2504/1297 2767/1339
f 2767/1339 2504/1297 2768/1340
f 2504/1297 2503/1298 2768/1340
f 2768/1340 2503/1298 2769/1341
f 2503/1298 2506/1290 2769/1341
f 2769/1341 2506/1290 2770/1342
f 2506/1290 2507/1288 2770/1342
f 2770/1342 2507/1288 2517/1293
f 2515/1133 2771/1343 2765/1337
f 2517/1293 2510/1292 2516/1294
f 2514/1134 2771/1343 2515/1133
f 2516/1294 2511/1295 2504/1297
f 2509/1129 2514/1134 2467/1131
f 2504/1297 2512/1296 2502/1291
f 2514/1134 2772/1344 2771/1343
f 2773/1345 2772/1344 2514/1134
f 2509/1129 2773/1345 2514/1134
f 2501/1127 2773/1345 2509/1129
f 2773/1345 2774/1346 2772/1344
f 2775/1347 2774/1346 2773/1345
f 2506/1290 2503/1298 2502/1291
f 2501/1127 2775/1347 2773/1345
f 2770/1342 2517/1293 2742/1320
f 2742/1320 2517/1293 2715/1314
f 2517/1293 2745/1322 2715/1314
f 2747/1324 2767/1339 2748/1325
f 2748/1325 2767/1339 2768/1340
f 2748/1325 2768/1340 2740/1318
f 2740/1318 2768/1340 2769/1341
f 2740/1318 2769/1341 2742/1320
f 2742/1320 2769/1341 2770/1342
f 2516/1294 2745/1322 2517/1293
f 2496/1125 2775/1347 2501/1127
f 2775/1347 2776/1348 2774/1346
f 2777/1349 2776/1348 2775/1347
f 2496/1125 2777/1349 2775/1347
f 2490/1121 2777/1349 2496/1125
f 2777/1349 2766/1338 2776/1348
f 2491/1138 2766/1338 2777/1349
f 2490/1121 2491/1138 2777/1349
f 2471/1135 2468/1119 2488/1120
f 2756/1330 2778/1136 2758/1332
f 2472/1308 2778/1136 2756/1330
f 2755/1152 2472/1308 2756/1330
f 2469/1141 2472/1308 2755/1152
f 2563/1154 2469/1141 2755/1152
f 2779/1140 2469/1141 2563/1154
f 2764/1156 2779/1140 2563/1154
f 2463/1139 2779/1140 2764/1156
f 2762/1335 2463/1139 2764/1156
f 2460/1137 2463/1139 2762/1335
f 2758/1332 2460/1137 2762/1335
f 2778/1136 2460/1137 2758/1332
f 2778/1136 2304/1034 2460/1137
f 2471/1135 2304/1034 2778/1136
f 2472/1308 2471/1135 2778/1136
f 2469/1141 2468/1119 2472/1308
f 2779/1140 2467/1131 2469/1141
f 2462/1132 2467/1131 2779/1140
f 2463/1139 2462/1132 2779/1140
f 2460/1137 2272/1066 2463/1139
f 2771/1343 2780/1350 2765/1337
f 2448/1307 2422/1112 2780/1350
f 2771/1343 2448/1307 2780/1350
f 2772/1344 2448/1307 2771/1343
f 2781/1351 2445/1107 2453/1106
f 2458/1104 2781/1351 2453/1106
f 2409/1114 2781/1351 2458/1104
f 2437/1111 2420/1110 2422/1112
f 2448/1307 2437/1111 2422/1112
f 2772/1344 2436/1098 2448/1307
f 2774/1346 2436/1098 2772/1344
f 2421/1109 2419/1108 2445/1107
f 2781/1351 2421/1109 2445/1107
f 2782/1352 2421/1109 2781/1351
f 2409/1114 2782/1352 2781/1351
f 2783/1115 2782/1352 2409/1114
f 2437/1111 2433/1116 2420/1110
f 2430/1099 2433/1116 2437/1111
f 2774/1346 2429/1100 2436/1098
f 2776/1348 2429/1100 2774/1346
f 2430/1099 2414/1102 2433/1116
f 2410/1101 2414/1102 2430/1099
f 2776/1348 2408/1113 2429/1100
f 2766/1338 2408/1113 2776/1348
f 2780/1350 2783/1115 2765/1337
f 2782/1352 2783/1115 2780/1350
f 2422/1112 2782/1352 2780/1350
f 2421/1109 2782/1352 2422/1112
f 2458/1104 2415/1103 2414/1102
f 2410/1101 2458/1104 2414/1102
f 2409/1114 2458/1104 2410/1101
f 2783/1115 2409/1114 2408/1113
f 2766/1338 2783/1115 2408/1113
f 2765/1337 2783/1115 2766/1338
f 2784/1353 2389/1077 2390/1306
f 2785/1086 2399/1085 2344/1084
f 2653/1206 2752/1207 2784/1353
f 2390/1306 2653/1206 2784/1353
f 2655/1313 2653/1206 2390/1306
f 2785/1086 2393/1087 2399/1085
f 2786/1089 2393/1087 2785/1086
f 2784/1353 2379/1091 2389/1077
f 2787/1354 2379/1091 2784/1353
f 2752/1207 2787/1354 2784/1353
f 2753/1328 2787/1354 2752/1207
f 2352/1088 2350/1094 2393/1087
f 2786/1089 2352/1088 2393/1087
f 2356/1304 2352/1088 2786/1089
f 2390/1306 2357/1305 2655/1313
f 2351/1076 2355/1075 2389/1077
f 2381/1078 2351/1076 2389/1077
f 2788/1081 2347/1080 2349/1079
f 2381/1078 2788/1081 2349/1079
f 2380/1092 2788/1081 2381/1078
f 2789/1355 2380/1092 2379/1091
f 2787/1354 2789/1355 2379/1091
f 2790/1356 2789/1355 2787/1354
f 2753/1328 2790/1356 2787/1354
f 2754/1329 2790/1356 2753/1328
f 2788/1081 2346/1083 2347/1080
f 2791/1093 2346/1083 2788/1081
f 2380/1092 2791/1093 2788/1081
f 2792/1357 2791/1093 2380/1092
f 2789/1355 2792/1357 2380/1092
f 2793/1358 2792/1357 2789/1355
f 2790/1356 2793/1358 2789/1355
f 2794/1359 2793/1358 2790/1356
f 2754/1329 2794/1359 2790/1356
f 2751/1327 2794/1359 2754/1329
f 2352/1088 2356/1304 2355/1075
f 2351/1076 2352/1088 2355/1075
f 2791/1093 2344/1084 2346/1083
f 2785/1086 2344/1084 2791/1093
f 2792/1357 2785/1086 2791/1093
f 2786/1089 2785/1086 2792/1357
f 2793/1358 2786/1089 2792/1357
f 2356/1304 2786/1089 2793/1358
f 2794/1359 2356/1304 2793/1358
f 2357/1305 2356/1304 2794/1359
f 2751/1327 2357/1305 2794/1359
f 2655/1313 2357/1305 2751/1327
f 2327/1303 2795/1360 2302/1051
f 2306/1035 2330/1033 2332/1053
f 2796/1073 2324/1045 2281/1047
f 2326/1302 2797/1361 2327/1303
f 2303/1052 2326/1302 2302/1051
f 2796/1073 2315/1043 2324/1045
f 2798/1362 2315/1043 2796/1073
f 2799/1055 2297/1056 2797/1361
f 2326/1302 2799/1055 2797/1361
f 2307/1037 2799/1055 2326/1302
f 2303/1052 2307/1037 2326/1302
f 2305/1036 2307/1037 2303/1052
f 2289/1041 2287/1042 2315/1043
f 2798/1362 2289/1041 2315/1043
f 2291/1300 2289/1041 2798/1362
f 2799/1055 2308/1054 2297/1056
f 2306/1035 2308/1054 2799/1055
f 2307/1037 2306/1035 2799/1055
f 2305/1036 2304/1034 2307/1037
f 2305/1036 2275/1299 2272/1066
f 2301/1057 2275/1299 2305/1036
f 2303/1052 2301/1057 2305/1036
f 2299/1060 2300/1038 2302/1051
f 2795/1360 2299/1060 2302/1051
f 2298/1050 2299/1060 2795/1360
f 2301/1057 2292/1058 2275/1299
f 2288/1040 2290/1039 2300/1038
f 2299/1060 2288/1040 2300/1038
f 2298/1050 2286/1061 2299/1060
f 2298/1050 2283/1048 2284/1069
f 2800/1049 2283/1048 2298/1050
f 2795/1360 2800/1049 2298/1050
f 2801/1363 2800/1049 2795/1360
f 2327/1303 2801/1363 2795/1360
f 2802/1364 2801/1363 2327/1303
f 2797/1361 2802/1364 2327/1303
f 2803/1365 2802/1364 2797/1361
f 2297/1056 2803/1365 2797/1361
f 2296/1301 2803/1365 2297/1056
f 2274/1067 2296/1301 2294/1074
f 2289/1041 2291/1300 2290/1039
f 2288/1040 2289/1041 2290/1039
f 2800/1049 2281/1047 2283/1048
f 2796/1073 2281/1047 2800/1049
f 2801/1363 2796/1073 2800/1049
f 2798/1362 2796/1073 2801/1363
f 2802/1364 2798/1362 2801/1363
f 2291/1300 2798/1362 2802/1364
f 2803/1365 2291/1300 2802/1364
f 2292/1058 2291/1300 2803/1365
f 2296/1301 2292/1058 2803/1365
f 2275/1299 2292/1058 2296/1301
f 2274/1067 2275/1299 2296/1301
f 2804/1314 2805/1322 2262/1293
f 2806/1324 2807/1339 2263/1294
f 2808/1325 2807/1339 2806/1324
f 2809/1341 2810/1318 2811/1320
f 2812/1340 2810/1318 2809/1341
f 2267/1298 2812/1340 2809/1341
f 2266/1297 2812/1340 2267/1298
f 2812/1340 2808/1325 2810/1318
f 2807/1339 2808/1325 2812/1340
f 2266/1297 2807/1339 2812/1340
f 2263/1294 2807/1339 2266/1297
f 2809/1341 2811/1320 2813/1342
f 2259/1290 2809/1341 2813/1342
f 2267/1298 2809/1341 2259/1290
f 2266/1297 2267/1298 2260/1291
f 2266/1297 2264/1295 2263/1294
f 2263/1294 2264/1295 2261/1292
f 2263/1294 2805/1322 2806/1324
f 2262/1293 2805/1322 2263/1294
f 2259/1290 2258/1289 2260/1291
f 2813/1342 2257/1288 2259/1290
f 2262/1293 2257/1288 2813/1342
f 2811/1320 2262/1293 2813/1342
f 2804/1314 2262/1293 2811/1320
f 2814/1310 2054/1167 2091/1204
f 2815/1311 2054/1167 2814/1310
f 2816/1319 2252/1287 2106/1216
f 2817/1312 2818/1315 2819/1316
f 2820/1317 2818/1315 2817/1312
f 2814/1310 2091/1204 2817/1312
f 2819/1316 2814/1310 2817/1312
f 2815/1311 2814/1310 2819/1316
f 2074/1187 2821/1326 2822/1323
f 2805/1322 2074/1187 2822/1323
f 2076/1189 2074/1187 2805/1322
f 2076/1189 2805/1322 2804/1314
f 2107/1217 2076/1189 2804/1314
f 2823/1321 2076/1189 2107/1217
f 2163/1265 1933/1074 2164/1266
f 2077/1190 2163/1265 2075/1188
f 2128/1235 2821/1326 2074/1187
f 2127/1234 2821/1326 2128/1235
f 2823/1321 2824/1328 2825/1329
f 2096/1208 2824/1328 2823/1321
f 2107/1217 2096/1208 2823/1321
f 2804/1314 2106/1216 2107/1217
f 2816/1319 2106/1216 2804/1314
f 2811/1320 2816/1319 2804/1314
f 2810/1318 2816/1319 2811/1320
f 2095/1207 2824/1328 2096/1208
f 2094/1206 2095/1207 1899/1054
f 2826/1313 2094/1206 1933/1074
f 2163/1265 2826/1313 1933/1074
f 2827/1327 2826/1313 2163/1265
f 2077/1190 2827/1327 2163/1265
f 2825/1329 2827/1327 2077/1190
f 2252/1287 2091/1204 2093/1205
f 2817/1312 2091/1204 2252/1287
f 2816/1319 2817/1312 2252/1287
f 2820/1317 2817/1312 2816/1319
f 2810/1318 2820/1317 2816/1319
f 2818/1315 2820/1317 2810/1318
f 2808/1325 2818/1315 2810/1318
f 2806/1324 2818/1315 2808/1325
f 2077/1190 2823/1321 2825/1329
f 2076/1189 2823/1321 2077/1190
f 2074/1187 2076/1189 2075/1188
f 2815/1311 2052/1165 2054/1167
f 2127/1234 2052/1165 2815/1311
f 2819/1316 2127/1234 2815/1311
f 2821/1326 2127/1234 2819/1316
f 2818/1315 2821/1326 2819/1316
f 2822/1323 2821/1326 2818/1315
f 2806/1324 2822/1323 2818/1315
f 2805/1322 2822/1323 2806/1324
f 2043/1160 2036/1153 2038/1155
f 2046/1162 2034/1151 2036/1153
f 2043/1160 2046/1162 2036/1153
f 2050/1163 2041/1158 2051/1164
f 2828/1336 2050/1163 2025/1142
f 2829/1309 2830/1331 2034/1151
f 2046/1162 2829/1309 2034/1151
f 2032/1149 2829/1309 2046/1162
f 2043/1160 2027/1144 2045/1161
f 2042/1159 2027/1144 2043/1160
f 2040/1157 2042/1159 2038/1155
f 2033/1150 2031/1148 2041/1158
f 2050/1163 2033/1150 2041/1158
f 2831/1333 2033/1150 2050/1163
f 2828/1336 2831/1333 2050/1163
f 2832/1334 2831/1333 2828/1336
f 2039/1156 2833/1335 2040/1157
f 2037/1154 2039/1156 2038/1155
f 2035/1152 2037/1154 2036/1153
f 2834/1330 2035/1152 2034/1151
f 2830/1331 2834/1330 2034/1151
f 2835/1332 2834/1330 2830/1331
f 2830/1331 2832/1334 2835/1332
f 2831/1333 2832/1334 2830/1331
f 2829/1309 2831/1333 2830/1331
f 2033/1150 2831/1333 2829/1309
f 2032/1149 2033/1150 2829/1309
f 2042/1159 2025/1142 2027/1144
f 2828/1336 2025/1142 2042/1159
f 2040/1157 2828/1336 2042/1159
f 2832/1334 2828/1336 2040/1157
f 2833/1335 2832/1334 2040/1157
f 2835/1332 2832/1334 2833/1335
f 2007/1132 2021/1140 2006/1131
f 2007/1132 2020/1139 2021/1140
f 2010/1133 2836/1337 2837/1343
f 2019/1138 2836/1337 2010/1133
f 1996/1121 2019/1138 1994/1119
f 2019/1138 2838/1338 2836/1337
f 2839/1349 2838/1338 2019/1138
f 1996/1121 2839/1349 2019/1138
f 2000/1125 2839/1349 1996/1121
f 2839/1349 2840/1348 2838/1338
f 2841/1347 2840/1348 2839/1349
f 2000/1125 2841/1347 2839/1349
f 2002/1127 2841/1347 2000/1125
f 2841/1347 2842/1346 2840/1348
f 2843/1345 2842/1346 2841/1347
f 2002/1127 2843/1345 2841/1347
f 2004/1129 2843/1345 2002/1127
f 2843/1345 2844/1344 2842/1346
f 2011/1134 2844/1344 2843/1345
f 2004/1129 2011/1134 2843/1345
f 2012/1135 2013/1136 1871/1034
f 2011/1134 2837/1343 2844/1344
f 2010/1133 2837/1343 2011/1134
f 2022/1141 1994/1119 2006/1131
f 2845/1308 1994/1119 2022/1141
f 2022/1141 2035/1152 2845/1308
f 2037/1154 2035/1152 2022/1141
f 2021/1140 2037/1154 2022/1141
f 2039/1156 2037/1154 2021/1140
f 2020/1139 2039/1156 2021/1140
f 2833/1335 2039/1156 2020/1139
f 2014/1137 2833/1335 2020/1139
f 2835/1332 2833/1335 2014/1137
f 2013/1136 2835/1332 2014/1137
f 2834/1330 2835/1332 2013/1136
f 2845/1308 2834/1330 2013/1136
f 2035/1152 2834/1330 2845/1308
f 2007/1132 1914/1064 1916/1066
f 2004/1129 2003/1128 2006/1131
f 2002/1127 2001/1126 2004/1129
f 2000/1125 1999/1124 2002/1127
f 1996/1121 1997/1122 2000/1125
f 2012/1135 1995/1120 1994/1119
f 2845/1308 2012/1135 1994/1119
f 2013/1136 2012/1135 2845/1308
f 2836/1337 2846/1350 2837/1343
f 1990/1115 2847/1352 2846/1350
f 2836/1337 1990/1115 2846/1350
f 2838/1338 1990/1115 2836/1337
f 1970/1099 1991/1116 1974/1102
f 2848/1307 2844/1344 2837/1343
f 2846/1350 2848/1307 2837/1343
f 1985/1112 2848/1307 2846/1350
f 2847/1352 1985/1112 2846/1350
f 1981/1109 1985/1112 2847/1352
f 1984/1111 1982/1110 1991/1116
f 1970/1099 1984/1111 1991/1116
f 2849/1351 1979/1107 1981/1109
f 2847/1352 2849/1351 1981/1109
f 1988/1114 2849/1351 2847/1352
f 1990/1115 1988/1114 2847/1352
f 2838/1338 1987/1113 1990/1115
f 2840/1348 1987/1113 2838/1338
f 2849/1351 1978/1106 1979/1107
f 1976/1104 1978/1106 2849/1351
f 1988/1114 1976/1104 2849/1351
f 1972/1101 1976/1104 1988/1114
f 2840/1348 1971/1100 1987/1113
f 2842/1346 1971/1100 2840/1348
f 2848/1307 1969/1098 2844/1344
f 1984/1111 1969/1098 2848/1307
f 1985/1112 1984/1111 2848/1307
f 1981/1109 1982/1110 1985/1112
f 1976/1104 1975/1103 1978/1106
f 1972/1101 1974/1102 1976/1104
f 1970/1099 1974/1102 1972/1101
f 2842/1346 1969/1098 1971/1100
f 2844/1344 1969/1098 2842/1346
f 1952/1092 1955/1093 2850/1357
f 2851/1355 1951/1091 1952/1092
f 2850/1357 2851/1355 1952/1092
f 2852/1358 2851/1355 2850/1357
f 1935/1076 1960/1094 1938/1079
f 2853/1354 2854/1353 1951/1091
f 2855/1356 2853/1354 2851/1355
f 2852/1358 2855/1356 2851/1355
f 2856/1359 2855/1356 2852/1358
f 1947/1088 1946/1087 1960/1094
f 1935/1076 1947/1088 1960/1094
f 2095/1207 2094/1206 2854/1353
f 2853/1354 2095/1207 2854/1353
f 2824/1328 2095/1207 2853/1354
f 2855/1356 2824/1328 2853/1354
f 2825/1329 2824/1328 2855/1356
f 2856/1359 2825/1329 2855/1356
f 2827/1327 2825/1329 2856/1359
f 2856/1359 2857/1305 2827/1327
f 2858/1304 2857/1305 2856/1359
f 2852/1358 2858/1304 2856/1359
f 1948/1089 2858/1304 2852/1358
f 2850/1357 1948/1089 2852/1358
f 1945/1086 1948/1089 2850/1357
f 1955/1093 1945/1086 2850/1357
f 1955/1093 1942/1083 1943/1084
f 1940/1081 1942/1083 1955/1093
f 1952/1092 1940/1081 1955/1093
f 1937/1078 1940/1081 1952/1092
f 2854/1353 1936/1077 1951/1091
f 2859/1306 1936/1077 2854/1353
f 2094/1206 2859/1306 2854/1353
f 2826/1313 2859/1306 2094/1206
f 2858/1304 1934/1075 2857/1305
f 1947/1088 1934/1075 2858/1304
f 1948/1089 1947/1088 2858/1304
f 1945/1086 1946/1087 1948/1089
f 1940/1081 1939/1080 1942/1083
f 1937/1078 1938/1079 1940/1081
f 1935/1076 1938/1079 1937/1078
f 2859/1306 1934/1075 1936/1077
f 2857/1305 1934/1075 2859/1306
f 2826/1313 2857/1305 2859/1306
f 2827/1327 2857/1305 2826/1313
f 1932/1073 1889/1047 1887/1045
f 2860/1362 1932/1073 1885/1043
f 2861/1301 1917/1067 1933/1074
f 1901/1056 2861/1301 1933/1074
f 2862/1365 2861/1301 1901/1056
f 1932/1073 1891/1049 1889/1047
f 2863/1363 1891/1049 1932/1073
f 2860/1362 2863/1363 1932/1073
f 2864/1364 2863/1363 2860/1362
f 2863/1363 2865/1360 1891/1049
f 2866/1303 2865/1360 2863/1363
f 2864/1364 2866/1303 2863/1363
f 2867/1361 2866/1303 2864/1364
f 2866/1303 1896/1051 2865/1360
f 2868/1302 1896/1051 2866/1303
f 2867/1361 2868/1302 2866/1303
f 1900/1055 2868/1302 2867/1361
f 2868/1302 1897/1052 1896/1051
f 1876/1037 1897/1052 2868/1302
f 1900/1055 1876/1037 2868/1302
f 1872/1035 1876/1037 1900/1055
f 1892/1050 1908/1061 1920/1069
f 1906/1060 1908/1061 1892/1050
f 1917/1067 1918/1068 1933/1074
f 2869/1299 1916/1066 1917/1067
f 2861/1301 2869/1299 1917/1067
f 1904/1058 2869/1299 2861/1301
f 2862/1365 1904/1058 2861/1301
f 2870/1300 1904/1058 2862/1365
f 1881/1040 1884/1042 1908/1061
f 1906/1060 1881/1040 1908/1061
f 1875/1036 1871/1034 1916/1066
f 2869/1299 1875/1036 1916/1066
f 1903/1057 1875/1036 2869/1299
f 1904/1058 1903/1057 2869/1299
f 2870/1300 1880/1039 1904/1058
f 1882/1041 1880/1039 2870/1300
f 2860/1362 1885/1043 1882/1041
f 2870/1300 2860/1362 1882/1041
f 2864/1364 2860/1362 2870/1300
f 2862/1365 2864/1364 2870/1300
f 2867/1361 2864/1364 2862/1365
f 1901/1056 2867/1361 2862/1365
f 1900/1055 2867/1361 1901/1056
f 1872/1035 1900/1055 1899/1054
f 1906/1060 1896/1051 1879/1038
f 2865/1360 1896/1051 1906/1060
f 1892/1050 2865/1360 1906/1060
f 1891/1049 2865/1360 1892/1050
f 1882/1041 1885/1043 1884/1042
f 1881/1040 1882/1041 1884/1042
f 1903/1057 1880/1039 1879/1038
f 1897/1052 1903/1057 1879/1038
f 1875/1036 1903/1057 1897/1052
f 1876/1037 1875/1036 1897/1052
f 1872/1035 1871/1034 1876/1037
f 2879/482 1133/475 1140/473
f 2879/482 1140/473 2880/1366
f 1136/833 2879/482 2880/1366
f 1127/472 2879/482 1136/833
f 2879/482 471/481 1133/475
f 477/493 471/481 2879/482
f 1123/823 479/495 478/494
f 1129/620 479/495 1123/823
f 1127/472 477/493 2879/482
f 1125/471 477/493 1127/472
f 1125/471 478/494 477/493
f 1123/823 478/494 1125/471
f 422/469 1124/470 421/468
f 2881/596 1124/470 422/469
f 2881/596 1112/592 1124/470
f 1113/591 1112/592 2881/596
f 1118/535 1117/778 1107/824
f 1118/535 675/534 1078/533
f 676/537 675/534 1118/535
f 1107/824 676/537 1118/535
f 1113/591 676/537 1107/824
f 2882/1367 2883/1368 2884/1369
f 1108/825 2885/1370 2886/1371
f 2883/1368 2887/1372 2884/1369
f 2888/1373 2887/1372 2883/1368
f 1108/825 1107/824 1117/778
f 2883/1368 2882/1367 2886/1371
f 2885/1370 2883/1368 2886/1371
f 2888/1373 2883/1368 2885/1370
f 1108/825 2888/1373 2885/1370
f 1117/778 2888/1373 1108/825
f 1096/494 432/471 1099/493
f 1100/823 432/471 1096/494
f 1098/495 1100/823 1096/494
f 692/620 1100/823 1098/495
f 1100/823 430/470 432/471
f 692/620 636/592 1100/823
f 1096/494 1099/493 1095/489
f 2889/1374 2890/1375 2891/1376
f 2892/1377 2893/1378 615/459
f 1084/488 2894/491 1093/490
f 2895/1379 2894/491 1084/488
f 2893/1378 614/458 615/459
f 620/458 614/458 2893/1378
f 2893/1378 2896/1378 620/458
f 2897/1380 2896/1378 2893/1378
f 1084/488 2898/1381 2895/1379
f 2899/1382 2898/1381 1084/488
f 2893/1378 2892/1377 2898/1381
f 2899/1382 2893/1378 2898/1381
f 2897/1380 2893/1378 2899/1382
f 1084/488 2897/1380 2899/1382
f 1082/487 2897/1380 1084/488
f 1117/778 1078/533 1080/779
f 2900/751 1079/750 1078/533
f 470/488 2901/1380 469/487
f 2902/1382 2901/1380 470/488
f 2903/1377 2904/1378 2905/1381
f 392/459 2904/1378 2903/1377
f 2904/1378 392/459 391/458
f 395/458 2904/1378 391/458
f 2906/1378 2904/1378 395/458
f 2904/1378 2906/1378 2901/1380
f 2902/1382 2904/1378 2901/1380
f 2905/1381 2904/1378 2902/1382
f 470/488 2905/1381 2902/1382
f 2907/1379 2905/1381 470/488
f 2908/1383 1016/800 741/658
f 2909/1384 2910/1385 2911/1386
f 2912/1387 2913/1388 2914/1389
f 2915/1390 2913/1388 2912/1387
f 2915/1390 2916/1391 2913/1388
f 1061/684 2916/1391 2915/1390
f 1061/684 1060/685 2916/1391
f 2891/1376 2890/1375 2917/1392
f 2918/1393 2919/1394 2920/1395
f 2921/697 2922/1396 2923/1397
f 2924/1398 2922/1396 2921/697
f 2925/1399 2926/1400 2927/1401
f 2928/1402 2926/1400 2925/1399
f 2924/1398 2929/1403 2922/1396
f 2930/1404 2929/1403 2924/1398
f 2931/1405 2932/697 2933/674
f 2934/1406 2932/697 2931/1405
f 2935/1407 2936/1408 2937/1401
f 2938/1409 2936/1408 2935/1407
f 2939/699 1054/815 1053/697
f 2940/677 1049/675 1048/676
f 2941/1410 2942/1411 2943/674
f 2944/1412 2942/1411 2941/1410
f 2940/677 2945/1413 1049/675
f 2946/1414 2945/1413 2940/677
f 2939/699 2947/1415 1054/815
f 2948/1416 2947/1415 2939/699
f 2949/1417 2950/1418 2951/674
f 2952/1419 2950/1418 2949/1417
f 2946/1414 2953/1420 2945/1413
f 2954/1421 2953/1420 2946/1414
f 2948/1416 2955/1422 2947/1415
f 2956/1423 2955/1422 2948/1416
f 2957/1424 2958/1425 2912/1387
f 2914/1389 2957/1424 2912/1387
f 2890/1375 2959/264 2917/1392
f 2960/1426 2961/1427 2958/1425
f 2962/1428 2961/1427 2960/1426
f 742/659 2962/1428 2960/1426
f 2963/1429 2962/1428 742/659
f 2962/1428 2910/1385 2961/1427
f 2911/1386 2910/1385 2962/1428
f 2963/1429 2911/1386 2962/1428
f 2964/1430 2911/1386 2963/1429
f 2908/1383 741/658 742/659
f 2960/1426 2908/1383 742/659
f 1016/800 2908/1383 2960/1426
f 2958/1425 1016/800 2960/1426
f 996/799 1016/800 2958/1425
f 2957/1424 996/799 2958/1425
f 2917/1392 2959/264 2965/219
f 2959/264 57/234 2965/219
f 2966/1431 2967/1432 990/794
f 1023/802 997/795 939/763
f 2968/1432 997/795 1023/802
f 2969/1433 2970/697 2971/1434
f 2972/674 2970/697 2969/1433
f 2965/219 57/234 15/232
f 57/234 16/233 15/232
f 2973/1435 2974/1436 2975/1437
f 2976/1438 2974/1436 2973/1435
f 2977/1439 2978/1440 2979/674
f 2980/698 2978/1440 2977/1439
f 2981/1441 2982/1442 2983/1443
f 17/234 18/235 60/263
f 2984/1436 2985/1435 2986/1437
f 2987/1438 2985/1435 2984/1436
f 2988/1440 2989/1439 2990/674
f 2991/698 2989/1439 2988/1440
f 2969/1433 2992/697 2972/674
f 2993/1434 2992/697 2969/1433
f 1023/802 938/776 1019/803
f 2994/1444 1023/802 1019/803
f 2968/1432 1023/802 2994/1444
f 998/794 2995/1445 1001/799
f 989/658 936/775 1002/800
f 998/794 2968/1432 2996/1431
f 997/795 2968/1432 998/794
f 990/794 2997/1445 2966/1431
f 996/799 2997/1445 990/794
f 1016/800 996/799 940/775
f 1019/803 2998/1446 2994/1444
f 2999/1444 2998/1446 1019/803
f 1018/802 2999/1444 1019/803
f 2967/1432 2999/1444 1018/802
f 991/795 2967/1432 1018/802
f 990/794 2967/1432 991/795
f 3000/1388 3001/1387 3002/1389
f 989/658 3003/659 509/522
f 3004/1383 3003/659 989/658
f 3001/1387 3005/1424 3002/1389
f 3006/1425 3005/1424 3001/1387
f 3006/1425 3007/1426 1002/800
f 3008/1427 3007/1426 3006/1425
f 3008/1427 3009/1428 3007/1426
f 3010/1385 3009/1428 3008/1427
f 3010/1385 3011/1386 3009/1428
f 3012/1384 3011/1386 3010/1385
f 3013/1400 3014/1399 3015/1401
f 3016/1402 3014/1399 3013/1400
f 3017/1394 3018/1395 3019/1447
f 3020/1393 3018/1395 3017/1394
f 3021/1408 3022/1407 3023/1401
f 3024/1409 3022/1407 3021/1408
f 3025/1411 3026/1410 3027/674
f 3028/1412 3026/1410 3025/1411
f 3029/1418 3030/1417 3031/674
f 3032/1419 3030/1417 3029/1418
f 3033/697 3034/1405 3035/674
f 3036/1406 3034/1405 3033/697
f 3005/1424 2995/1445 3002/1389
f 1001/799 2995/1445 3005/1424
f 3006/1425 1001/799 3005/1424
f 1002/800 1001/799 3006/1425
f 3037/1398 3038/1403 3039/1404
f 3040/1396 3038/1403 3037/1398
f 3041/697 3040/1396 3037/1398
f 3042/1397 3040/1396 3041/697
f 3004/1383 989/658 1002/800
f 3007/1426 3004/1383 1002/800
f 3003/659 3004/1383 3007/1426
f 3009/1428 3003/659 3007/1426
f 3043/1429 3003/659 3009/1428
f 3011/1386 3043/1429 3009/1428
f 3044/1430 3043/1429 3011/1386
f 963/532 535/536 885/748
f 963/532 542/531 537/530
f 3045/1448 542/531 963/532
f 963/532 3051/607 3045/1448
f 3052/503 3051/607 963/532
f 885/748 3052/503 963/532
f 482/498 3052/503 885/748
f 3053/825 3054/824 634/590
f 947/778 3054/824 3053/825
f 947/778 3055/1449 948/779
f 3056/1373 3055/1449 947/778
f 3053/825 3056/1373 947/778
f 3057/1370 3056/1373 3053/825
f 900/757 898/754 922/770
f 3058/1450 3059/1451 900/757
f 922/770 3058/1450 900/757
f 3055/1449 3058/1450 922/770
f 923/514 921/511 493/507
f 21/238 20/237 25/241
f 25/241 24/238 3060/1452
f 929/757 3061/770 896/754
f 926/758 929/757 927/756
f 923/514 948/779 3055/1449
f 922/770 923/514 3055/1449
f 901/758 914/766 899/756
f 901/758 736/526 914/766
f 737/525 736/526 901/758
f 901/758 3059/1451 737/525
f 900/757 3059/1451 901/758
f 3061/770 497/511 896/754
f 500/514 497/511 3061/770
f 24/238 2889/1374 3060/1452
f 889/751 892/752 531/533
f 3060/1452 2889/1374 3062/1453
f 2889/1374 2891/1376 3062/1453
f 885/748 532/534 892/752
f 892/752 482/498 885/748
f 485/501 482/498 892/752
f 889/751 485/501 892/752
f 491/505 485/501 889/751
f 2905/1381 2907/1379 2903/1377
f 2907/1379 3063/1454 2903/1377
f 3064/1455 3063/1454 2907/1379
f 2907/1379 474/491 3064/1455
f 470/488 474/491 2907/1379
f 3063/1454 3065/1456 2903/1377
f 3066/1457 3065/1456 3063/1454
f 3064/1455 3066/1457 3063/1454
f 3067/1458 3066/1457 3064/1455
f 3068/1459 3069/1460 3070/1461
f 3071/1462 3069/1460 3068/1459
f 3071/1462 3072/1463 3069/1460
f 3073/1464 3072/1463 3071/1462
f 3074/1449 2887/1372 2888/1373
f 1117/778 3074/1449 2888/1373
f 24/238 3075/428 2889/1374
f 3070/1461 511/524 3068/1459
f 512/525 511/524 3070/1461
f 3076/1465 512/525 3070/1461
f 3077/1451 512/525 3076/1465
f 3078/1466 3077/1451 3076/1465
f 3079/1450 3077/1451 3078/1466
f 2887/1372 3079/1450 3078/1466
f 3074/1449 3079/1450 2887/1372
f 3080/1467 827/464 3081/1468
f 832/720 826/719 824/462
f 3080/1467 825/463 827/464
f 3082/1469 825/463 3080/1467
f 3082/1469 3083/694 825/463
f 3084/1470 3083/694 3082/1469
f 3084/1470 3069/1460 3083/694
f 3070/1461 3069/1460 3084/1470
f 3084/1470 3076/1465 3070/1461
f 3078/1466 3076/1465 3084/1470
f 3085/1471 3086/1472 3087/1473
f 3088/1474 3086/1472 3085/1471
f 3088/1474 3089/1475 3086/1472
f 3090/1476 3089/1475 3088/1474
f 3090/1476 3091/1477 3089/1475
f 2884/1369 3091/1477 3090/1476
f 3090/1476 2882/1367 2884/1369
f 3067/1458 2882/1367 3090/1476
f 3088/1474 3067/1458 3090/1476
f 3092/1457 3067/1458 3093/1474
f 3094/693 830/692 823/465
f 827/464 826/719 3081/1468
f 825/463 824/462 827/464
f 3083/694 823/465 825/463
f 3094/693 823/465 3083/694
f 3069/1460 3094/693 3083/694
f 3072/1463 3094/693 3069/1460
f 3080/1467 3081/1468 3087/1473
f 3086/1472 3080/1467 3087/1473
f 3082/1469 3080/1467 3086/1472
f 3089/1475 3082/1469 3086/1472
f 3084/1470 3082/1469 3089/1475
f 3091/1477 3084/1470 3089/1475
f 3078/1466 3084/1470 3091/1477
f 2884/1369 3078/1466 3091/1477
f 2887/1372 3078/1466 2884/1369
f 784/694 3095/1469 405/463
f 3096/1470 3095/1469 784/694
f 3096/1470 3097/1475 3095/1469
f 3098/1477 3097/1475 3096/1470
f 3098/1477 3099/1476 3097/1475
f 3100/1369 3099/1476 3098/1477
f 3101/1416 3102/1422 3103/1423
f 3104/1415 3102/1422 3101/1416
f 3101/1416 3105/815 3104/1415
f 789/699 3105/815 3101/1416
f 789/699 788/698 3105/815
f 783/693 3106/1460 784/694
f 3107/1463 3106/1460 783/693
f 3108/1390 3001/1387 3000/1388
f 3109/1391 3108/1390 3000/1388
f 771/684 3108/1390 3109/1391
f 772/685 771/684 3109/1391
f 3110/1414 3111/1420 3112/1421
f 3113/1413 3111/1420 3110/1414
f 761/677 3113/1413 3110/1414
f 759/675 3113/1413 761/677
f 3056/1373 3114/1372 3055/1449
f 3114/1372 3058/1450 3055/1449
f 3115/1466 3058/1450 3114/1372
f 3115/1466 3059/1451 3058/1450
f 3116/1465 3059/1451 3115/1466
f 3116/1465 737/525 3059/1451
f 3117/1461 737/525 3116/1465
f 3117/1461 735/524 737/525
f 3118/1459 735/524 3117/1461
f 3106/1460 3118/1459 3117/1461
f 3119/1462 3118/1459 3106/1460
f 3107/1463 3119/1462 3106/1460
f 3120/1464 3119/1462 3107/1463
f 3096/1470 3116/1465 3115/1466
f 3117/1461 3116/1465 3096/1470
f 3096/1470 3106/1460 3117/1461
f 784/694 3106/1460 3096/1470
f 3121/1368 3122/1367 3100/1369
f 3123/1371 3122/1367 3121/1368
f 3057/1370 3123/1371 3121/1368
f 3053/825 3123/1371 3057/1370
f 3122/1367 3099/1476 3100/1369
f 3124/1458 3099/1476 3122/1367
f 3123/1371 3124/1458 3122/1367
f 3125/1455 3124/1458 3123/1371
f 3115/1466 3098/1477 3096/1470
f 3100/1369 3098/1477 3115/1466
f 3114/1372 3100/1369 3115/1466
f 3121/1368 3100/1369 3114/1372
f 3056/1373 3121/1368 3114/1372
f 3057/1370 3121/1368 3056/1373
f 2889/1374 3075/428 2890/1375
f 693/621 692/620 1098/495
f 693/621 3053/825 634/590
f 3123/1371 3053/825 693/621
f 3075/428 3126/1478 2890/1375
f 3125/1455 3123/1371 2894/491
f 671/538 1113/591 2881/596
f 676/537 1113/591 671/538
f 671/538 673/536 676/537
f 667/539 526/530 672/540
f 3051/607 659/503 658/605
f 644/469 648/467 431/468
f 640/596 644/469 430/470
f 635/591 640/596 636/592
f 3054/824 635/591 634/590
f 614/458 620/458 612/455
f 623/579 627/583 613/454
f 3133/452 597/451 610/453
f 3134/450 597/451 3133/452
f 3135/721 3134/450 3133/452
f 3136/720 3134/450 3137/721
f 3134/450 584/449 597/451
f 3138/448 584/449 3134/450
f 3136/720 3138/448 3134/450
f 3139/719 3138/448 3136/720
f 3138/448 571/447 584/449
f 3140/446 571/447 3138/448
f 3139/719 3140/446 3138/448
f 3141/1468 3140/446 3139/719
f 3140/446 554/434 571/447
f 3142/1479 554/434 3140/446
f 3141/1468 3142/1479 3140/446
f 3143/1473 3142/1479 3141/1468
f 3142/1479 552/433 554/434
f 623/579 552/433 3142/1479
f 3143/1473 623/579 3142/1479
f 3144/1471 623/579 3143/1473
f 648/467 644/469 543/539
f 543/539 644/469 544/540
f 640/596 544/540 644/469
f 538/538 544/540 640/596
f 635/591 538/538 640/596
f 536/537 538/538 635/591
f 538/538 537/530 544/540
f 536/537 535/536 538/538
f 533/535 532/534 536/537
f 533/535 947/778 531/533
f 3054/824 947/778 533/535
f 536/537 3054/824 533/535
f 635/591 3054/824 536/537
f 528/532 527/531 3154/1448
f 664/607 528/532 3154/1448
f 489/503 528/532 664/607
f 528/532 673/536 526/530
f 3155/748 673/536 528/532
f 489/503 3155/748 528/532
f 488/498 3155/748 489/503
f 3155/748 675/534 673/536
f 3156/752 675/534 3155/748
f 488/498 3156/752 3155/748
f 487/501 3156/752 488/498
f 3156/752 1078/533 675/534
f 2900/751 1078/533 3156/752
f 487/501 2900/751 3156/752
f 3157/505 2900/751 487/501
f 512/525 926/758 513/526
f 3077/1451 926/758 512/525
f 3077/1451 929/757 926/758
f 3079/1450 929/757 3077/1451
f 3079/1450 3061/770 929/757
f 3074/1449 3061/770 3079/1450
f 3074/1449 500/514 3061/770
f 2890/1375 3126/1478 2959/264
f 3157/505 1079/750 2900/751
f 3126/1478 3158/1480 2959/264
f 500/514 1080/779 1079/750
f 2959/264 3158/1480 59/263
f 485/501 491/505 486/502
f 495/509 921/511 498/512
f 3158/1480 197/336 59/263
f 495/509 493/507 921/511
f 44/256 43/255 3159/1481
f 3157/505 492/506 501/507
f 3157/505 486/502 492/506
f 487/501 486/502 3157/505
f 482/498 485/501 483/499
f 3052/503 482/498 481/497
f 43/255 3160/1482 3159/1481
f 479/495 3161/621 474/491
f 1129/620 3161/621 479/495
f 1108/825 2886/1371 3161/621
f 2886/1371 474/491 3161/621
f 3064/1455 474/491 2886/1371
f 3161/621 1106/590 1108/825
f 1129/620 1106/590 3161/621
f 2886/1371 3067/1458 3064/1455
f 2882/1367 3067/1458 2886/1371
f 460/482 459/481 1099/493
f 460/482 443/473 445/475
f 3163/1366 443/473 460/482
f 460/482 3169/833 3163/1366
f 434/472 3169/833 460/482
f 1099/493 434/472 460/482
f 432/471 434/472 1099/493
f 434/472 433/466 3169/833
f 432/471 431/468 434/472
f 672/540 2881/596 422/469
f 671/538 2881/596 672/540
f 422/469 667/539 672/540
f 420/467 667/539 422/469
f 3174/1467 3143/1473 3141/1468
f 3175/1472 3143/1473 3174/1467
f 3175/1472 3144/1471 3143/1473
f 3176/1474 3144/1471 3175/1472
f 3176/1474 3177/1457 3144/1471
f 3124/1458 3177/1457 3176/1474
f 3141/1468 406/464 3174/1467
f 3139/719 406/464 3141/1468
f 3136/720 781/691 404/462
f 3135/721 781/691 3136/720
f 3178/1456 615/459 627/583
f 2892/1377 615/459 3178/1456
f 3144/1471 3177/1457 3178/1456
f 627/583 3144/1471 3178/1456
f 623/579 3144/1471 627/583
f 3176/1474 3099/1476 3124/1458
f 3097/1475 3099/1476 3176/1474
f 3175/1472 3097/1475 3176/1474
f 3095/1469 3097/1475 3175/1472
f 3174/1467 3095/1469 3175/1472
f 405/463 3095/1469 3174/1467
f 406/464 405/463 3174/1467
f 3139/719 404/462 406/464
f 3136/720 404/462 3139/719
f 2898/1381 2892/1377 2895/1379
f 3177/1457 3179/1454 3178/1456
f 3177/1457 3125/1455 3179/1454
f 3124/1458 3125/1455 3177/1457
f 3179/1454 2892/1377 3178/1456
f 2895/1379 2892/1377 3179/1454
f 3125/1455 2895/1379 3179/1454
f 3159/1481 3160/1482 3180/1483
f 3085/1471 3066/1457 3088/1474
f 3065/1456 3066/1457 3085/1471
f 391/458 385/455 395/458
f 3181/583 384/454 392/459
f 3182/579 384/454 3181/583
f 3182/579 359/433 384/454
f 3183/1479 359/433 3182/579
f 379/450 382/452 380/451
f 376/448 379/450 377/449
f 373/446 376/448 374/447
f 3183/1479 373/446 360/434
f 3183/1479 360/434 359/433
f 379/450 833/721 382/452
f 832/720 833/721 379/450
f 376/448 832/720 379/450
f 826/719 832/720 376/448
f 373/446 826/719 376/448
f 3081/1468 826/719 373/446
f 3183/1479 3081/1468 373/446
f 3087/1473 3081/1468 3183/1479
f 3182/579 3087/1473 3183/1479
f 3085/1471 3087/1473 3182/579
f 3181/583 3085/1471 3182/579
f 3065/1456 3085/1471 3181/583
f 392/459 3065/1456 3181/583
f 2903/1377 3065/1456 392/459
f 3184/1484 3185/1485 3186/1486
f 3187/1487 3184/1484 3186/1486
f 3188/1488 3184/1484 3187/1487
f 3186/1486 320/363 3187/1487
f 3189/364 320/363 3186/1486
f 3185/1485 3189/364 3186/1486
f 3190/1489 3189/364 3185/1485
f 3191/354 333/352 332/353
f 3192/355 3191/354 332/353
f 325/432 3191/354 3192/355
f 324/431 325/432 3192/355
f 3189/364 321/362 320/363
f 3193/1490 3194/1491 313/331
f 3195/1492 306/256 303/335
f 3196/1481 306/256 3195/1492
f 317/267 318/429 3197/1482
f 317/267 187/266 186/265
f 317/267 316/270 190/269
f 3184/1484 3198/1493 3199/1494
f 3188/1488 3198/1493 3184/1484
f 314/428 21/238 3200/1374
f 3196/1481 3195/1492 3201/1495
f 3202/341 3196/1481 3201/1495
f 3203/1483 3196/1481 3202/341
f 3204/1496 3184/1484 3199/1494
f 3185/1485 3184/1484 3204/1496
f 3205/1497 3185/1485 3204/1496
f 3190/1489 3185/1485 3205/1497
f 319/430 3206/1480 202/336
f 3207/1478 3206/1480 319/430
f 3208/1498 3207/1478 319/430
f 314/428 3207/1478 3208/1498
f 312/344 3194/1491 3209/1499
f 313/331 3194/1491 312/344
f 3209/1499 3210/1500 3195/1492
f 303/335 3209/1499 3195/1492
f 312/344 3209/1499 303/335
f 3206/1480 60/263 202/336
f 61/264 60/263 3206/1480
f 3207/1478 61/264 3206/1480
f 3211/1375 61/264 3207/1478
f 314/428 3211/1375 3207/1478
f 3200/1374 3211/1375 314/428
f 317/267 3202/341 315/340
f 3203/1483 3202/341 317/267
f 3197/1482 3203/1483 317/267
f 3196/1481 3203/1483 3197/1482
f 307/255 3196/1481 3197/1482
f 306/256 3196/1481 307/255
f 303/335 306/256 304/254
f 263/385 3212/1501 265/387
f 3213/1502 3214/1503 3215/1504
f 3216/1505 3217/1506 266/382
f 3218/1507 3217/1506 3216/1505
f 3217/1506 3219/1508 266/382
f 3220/1509 3219/1508 3217/1506
f 3218/1507 3220/1509 3217/1506
f 3221/1510 3220/1509 3218/1507
f 3222/1511 3223/1512 3216/1505
f 3224/1513 3223/1512 3222/1511
f 3225/1514 3224/1513 3222/1511
f 3226/1515 3224/1513 3225/1514
f 3224/1513 3214/1503 3223/1512
f 3215/1504 3214/1503 3224/1513
f 3226/1515 3215/1504 3224/1513
f 3227/1516 3215/1504 3226/1515
f 3225/1514 263/385 177/326
f 3212/1501 263/385 3225/1514
f 3222/1511 3212/1501 3225/1514
f 265/387 3212/1501 3222/1511
f 3216/1505 265/387 3222/1511
f 266/382 265/387 3216/1505
f 3228/1517 3229/1518 256/368
f 3229/1518 254/370 256/368
f 249/372 254/370 3229/1518
f 256/368 3219/1508 3228/1517
f 266/382 3219/1508 256/368
f 247/372 3230/1519 3231/1518
f 250/374 3230/1519 247/372
f 250/374 3232/1520 3230/1519
f 3233/1519 3232/1520 250/374
f 270/385 195/324 194/327
f 3231/1518 3234/1517 243/368
f 245/370 3231/1518 243/368
f 247/372 3231/1518 245/370
f 263/385 265/387 178/327
f 243/368 3234/1517 3235/1508
f 260/382 243/368 3235/1508
f 3236/387 194/327 260/382
f 270/385 194/327 3236/387
f 256/368 178/327 266/382
f 254/370 179/318 256/368
f 249/372 180/320 254/370
f 249/372 3229/1518 3233/1519
f 250/374 249/372 3233/1519
f 247/372 181/328 250/374
f 245/370 170/320 247/372
f 243/368 168/318 245/370
f 3237/1489 3238/1485 239/364
f 3238/1485 3239/1486 239/364
f 3240/1484 3239/1486 3238/1485
f 3241/431 236/361 235/360
f 3241/431 3242/432 236/361
f 230/355 3242/432 3241/431
f 230/355 229/354 3242/432
f 3239/1486 238/363 239/364
f 3243/1487 238/363 3239/1486
f 3240/1484 3243/1487 3239/1486
f 3244/1488 3243/1487 3240/1484
f 3245/1500 3246/1499 3247/1492
f 270/385 3248/1514 208/326
f 3240/1484 3249/1493 3244/1488
f 3250/1494 3249/1493 3240/1484
f 3240/1484 3251/1496 3250/1494
f 3238/1485 3251/1496 3240/1484
f 3238/1485 3252/1497 3251/1496
f 3237/1489 3252/1497 3238/1485
f 3159/1481 3253/1495 3247/1492
f 206/341 3253/1495 3159/1481
f 206/341 3159/1481 3180/1483
f 67/267 206/341 3180/1483
f 192/335 164/315 193/317
f 44/256 192/335 3254/254
f 3246/1499 3255/1491 218/344
f 192/335 3246/1499 218/344
f 3247/1492 3246/1499 192/335
f 44/256 3247/1492 192/335
f 3159/1481 3247/1492 44/256
f 218/344 162/313 164/315
f 185/331 162/313 218/344
f 3255/1491 185/331 218/344
f 3256/1490 185/331 3255/1491
f 3248/1514 270/385 3257/1501
f 3258/1507 3259/1506 3260/1509
f 3261/1505 3259/1506 3258/1507
f 3261/1505 3262/1511 3236/387
f 3263/1512 3262/1511 3261/1505
f 3263/1512 3264/1513 3262/1511
f 3265/1503 3264/1513 3263/1512
f 3265/1503 3266/1504 3264/1513
f 3267/1502 3266/1504 3265/1503
f 3259/1506 3235/1508 3260/1509
f 260/382 3235/1508 3259/1506
f 3261/1505 260/382 3259/1506
f 3236/387 260/382 3261/1505
f 3268/1521 3269/1522 3270/1523
f 3271/1524 3269/1522 3268/1521
f 3272/1525 3271/1524 3268/1521
f 3273/1510 3271/1524 3272/1525
f 3258/1507 3273/1510 3272/1525
f 3260/1509 3273/1510 3258/1507
f 3257/1501 270/385 3236/387
f 3262/1511 3257/1501 3236/387
f 3248/1514 3257/1501 3262/1511
f 3264/1513 3248/1514 3262/1511
f 3274/1515 3248/1514 3264/1513
f 3266/1504 3274/1515 3264/1513
f 3275/1516 3274/1515 3266/1504
f 3276/1392 3277/1376 3278/220
f 2965/219 85/218 3279/220
f 3277/1376 96/289 3278/220
f 3280/1453 96/289 3277/1376
f 3280/1453 93/287 96/289
f 3281/303 93/287 3280/1453
f 3278/220 81/219 3276/1392
f 95/288 147/300 143/295
f 134/302 145/305 91/285
f 3279/220 85/218 3285/1526
f 125/288 3279/220 3285/1526
f 127/289 3279/220 125/288
f 122/296 144/304 143/295
f 3279/220 2917/1392 2965/219
f 2891/1376 2917/1392 3279/220
f 127/289 2891/1376 3279/220
f 3062/1453 2891/1376 127/289
f 3286/1521 3287/1523 3288/1522
f 3289/1524 3286/1521 3288/1522
f 3290/1525 3286/1521 3289/1524
f 3221/1510 3290/1525 3289/1524
f 3218/1507 3290/1525 3221/1510
f 3281/303 3280/1453 3291/1452
f 3292/1527 3281/303 3291/1452
f 134/302 3281/303 3292/1527
f 135/303 134/302 3292/1527
f 126/287 132/285 135/303
f 135/303 3292/1527 3060/1452
f 3062/1453 135/303 3060/1452
f 126/287 135/303 3062/1453
f 127/289 126/287 3062/1453
f 125/288 124/286 127/289
f 144/304 3293/1526 95/288
f 3294/1528 3293/1526 144/304
f 122/296 3294/1528 144/304
f 121/299 3294/1528 122/296
f 118/296 121/299 120/298
f 125/288 117/295 123/300
f 3295/304 117/295 125/288
f 3285/1526 3295/304 125/288
f 3296/1528 3295/304 3285/1526
f 85/218 3296/1528 3285/1526
f 3297/1529 3296/1528 85/218
f 84/280 3297/1529 85/218
f 82/218 3297/1529 84/280
f 118/296 117/295 3295/304
f 3296/1528 118/296 3295/304
f 121/299 118/296 3296/1528
f 3297/1529 121/299 3296/1528
f 3294/1528 121/299 3297/1529
f 82/218 3294/1528 3297/1529
f 3293/1526 3294/1528 82/218
f 3278/220 3293/1526 82/218
f 95/288 3293/1526 3278/220
f 96/289 95/288 3278/220
f 93/287 92/286 96/289
f 3281/303 91/285 93/287
f 134/302 91/285 3281/303
f 85/218 2965/219 15/232
f 25/241 3292/1527 3291/1452
f 3060/1452 3292/1527 25/241
f 3291/1452 21/238 25/241
f 3200/1374 21/238 3291/1452
f 82/218 84/280 15/232
f 17/234 81/219 15/232
f 3126/1478 3298/1498 3299/430
f 3075/428 3298/1498 3126/1478
f 24/238 74/236 3075/428
f 67/267 70/270 205/340
f 67/267 66/266 69/269
f 67/267 3300/429 65/265
f 3160/1482 3300/429 67/267
f 61/264 3276/1392 81/219
f 17/234 61/264 81/219
f 57/234 2959/264 59/263
f 3299/430 200/338 197/336
f 3158/1480 3299/430 197/336
f 3126/1478 3299/430 3158/1480
f 3200/1374 3291/1452 3280/1453
f 3277/1376 3200/1374 3280/1453
f 3211/1375 3200/1374 3277/1376
f 3276/1392 3211/1375 3277/1376
f 61/264 3211/1375 3276/1392
f 3160/1482 67/267 3180/1483
f 2851/1355 2853/1354 1951/1091
f 474/491 473/490 479/495
f 501/507 492/506 495/509
f 501/507 495/509 497/511
f 501/507 500/514 1079/750
f 501/507 1079/750 3157/505
f 1080/779 500/514 3074/1449
f 2894/491 3123/1371 693/621
f 2894/491 693/621 1098/495
f 1080/779 3074/1449 1117/778
f 948/779 888/750 531/533
f 888/750 491/505 889/751
f 493/507 491/505 888/750
f 948/779 923/514 888/750
f 888/750 923/514 493/507
f 3301/1530 2982/1442 2981/1441
f 3302/1530 3303/1441 3304/1442
f 3304/1442 3303/1441 3305/1443
f 2995/1445 998/794 2996/1431
f 2997/1445 996/799 2957/1424
f 2997/1445 2957/1424 2914/1389
f 2920/1395 2919/1394 3306/1447
f 2894/491 1098/495 1093/490
f 2894/491 2895/1379 3125/1455
